wallet,exchange,run,known,vasp,rank,hops,share,confidence,direct,correct
TA2xf9uZh3bmRqfqgRMjd2P6FqhKBvANCG,OKX,tron,OKX,OKX,1,2,0.4974,0.8075,0,1
TA2xf9uZh3bmRqfqgRMjd2P6FqhKBvANCG,OKX,tron,OKX,Gate.io,2,2,0.0359,0.116,0,0
TABG6FTrbHj595SK4jNn2iCdxUeCawx7yd,Bitrue,tron,Bitrue,Bitrue,1,2,0.9891,0.8075,0,1
TAH53dB1UmxSmPhGW3821pEdCdp3aPQUXv,OKX,tron,OKX,OKX,1,2,0.6436,0.7574,0,1
TAHJvMe8A6SWUxmp2BLyCuCSSknNL5xTUy,Gate.io,tron,Gate.io,Gate.io,1,2,0.1196,0.3863,0,1
TAHJvMe8A6SWUxmp2BLyCuCSSknNL5xTUy,Gate.io,tron,Gate.io,OKX,2,3,0.0225,0.0617,0,0
TAJiJMpVB8HjFL5JMQBn9vvfABKEK3KBD4,Bitget,tron,Bitget,Bitget,1,2,0.8163,0.8075,0,1
TASNnGap4pL3UmQoGx57qva8MHLHMRBWNX,Gate.io,tron,Gate.io,Gate.io,1,2,1.0,0.8075,0,1
TAVQVXwFwLWRX3Yj3GGqP7N374RG1NtrZM,Gate.io,tron,Gate.io,Gate.io,1,2,0.1171,0.3629,0,1
TAVsPrLiW58b6N3Wt7U661SX9DzvDQRDHT,Gate.io,tron,Gate.io,Gate.io,1,2,0.1728,0.558,0,1
TAVsPrLiW58b6N3Wt7U661SX9DzvDQRDHT,Gate.io,tron,Gate.io,OKX,2,3,0.2,0.5491,0,0
TAdYVwfNMScuCWngitx9iPD8qxYzHDPKc8,Bitfinex,tron,Bitfinex,Bitfinex,1,2,0.9958,0.8075,0,1
TAeXP4kTqA5F8hz511fDYhdVNmABVHNnLi,Bitfinex,tron,Bitfinex,Bitfinex,1,2,1.0,0.8075,0,1
TAi3mprLnSoefshLFFyPJkMxfMd1pay5DM,Bitrue,tron,Bitrue,OKX,1,2,0.5357,0.8075,0,0
TAi3mprLnSoefshLFFyPJkMxfMd1pay5DM,Bitrue,tron,Bitrue,Bitrue,2,2,0.4643,0.8075,0,1
TAtKbgGqri2FmF1T9NQmoBMQc4qGn2cQWP,Bitget,tron,Bitget,Bitget,1,2,0.6131,0.8075,0,1
TB8onAikTwJnAWymuNU65N5kF4VCU4T4Pp,Bitfinex,tron,Bitfinex,Gate.io,1,2,0.7404,0.8075,0,0
TBJz6ecUGDR9TpAY1noj4E5UqKGQ9XNsn1,CoinDCX,tron_coindcx_2025,CoinDCX,OKX,1,2,0.1427,0.45,0,0
TBJz6ecUGDR9TpAY1noj4E5UqKGQ9XNsn1,CoinDCX,tron_coindcx_2025,CoinDCX,Bitget,2,2,0.0231,0.0748,0,0
TBJz6ecUGDR9TpAY1noj4E5UqKGQ9XNsn1,CoinDCX,tron_coindcx_2025,CoinDCX,KuCoin,3,2,0.0101,0.0327,0,0
TBMApUkuTtXUU9dwXNomCDfYd7wiYJyrmu,OKX,tron,OKX,OKX,1,2,0.9421,0.8075,0,1
TBMDFFKogTtKH3aBZxWQjmWf1U3pLGaTb5,Gate.io,tron,Gate.io,Gate.io,1,2,0.1453,0.4693,0,1
TBMcpAy2bWh8mD2hbo7MNyzaTeX9WTdraR,CoinDCX,tron_coindcx_2025,CoinDCX,CoinDCX,1,2,0.1504,0.4345,0,1
TBMcpAy2bWh8mD2hbo7MNyzaTeX9WTdraR,CoinDCX,tron_coindcx_2025,CoinDCX,OKX,2,2,0.0614,0.1983,0,0
TBar75mhh9sxcr6hPriXnWvyqnk4o7cQcf,Bitrue,tron,Bitrue,Bitrue,1,2,0.9848,0.8029,0,1
TBoJjBFyMUVeH9bC54nezDXL5efv28psRG,Bitfinex,tron,Bitfinex,Bitfinex,1,2,0.0825,0.2663,0,1
TBow1payi3rx9UqbEZa9hx1Fn6V1Kky684,CoinDCX,tron_coindcx_2025,CoinDCX|OKX,OKX,1,2,0.1103,0.3563,0,1
TBow1payi3rx9UqbEZa9hx1Fn6V1Kky684,CoinDCX,tron_coindcx_2025,CoinDCX|OKX,CoinDCX,2,2,0.0136,0.0392,0,1
TBpetWXvGHjtDBQVxnJm4ysDcJxUeJW5rV,Gate.io,tron,Gate.io,Gate.io,1,2,0.4761,0.8075,0,1
TBqhyGe5Hy9r7TKYwTvJoQDYDmXTQkVveh,Bitfinex,tron,Bitfinex,Bitfinex,1,2,1.0,0.8075,0,1
TBs43uDb3z8Er6ietP3vnCgtNXcU1xHsKE,OKX,tron,OKX,OKX,1,2,0.0223,0.0721,0,1
TBxNsk8aQTgYbfqhdbvjobZCWzg9y3hAib,Gate.io,tron,Gate.io,Gate.io,1,2,0.7128,0.8075,0,1
TC9sTbMYVLDJfBPKEA4b34LfcGh1ZAsQuY,Bitrue,tron,Bitrue,,,,,,,
TCA9qQtgFHKLrXB4pMirj9UeWphYHf7MG9,OKX,tron,OKX,OKX,1,2,1.0,0.8075,0,1
TCQYi7GcwJ9UUtzMsBZPCindnh26Qjhf2Y,OKX,tron,OKX,OKX,1,2,0.2658,0.8007,0,1
TCQYi7GcwJ9UUtzMsBZPCindnh26Qjhf2Y,OKX,tron,OKX,Gate.io,2,2,0.0109,0.0352,0,0
TCRk8xWjTVZM2bZEGBqeLX6sdU3uXGdPmr,CoinDCX,tron_coindcx_2025,CoinDCX,CoinDCX,1,2,0.0589,0.1702,0,1
TCgyY7yoG21w5RcbhP77R1PAYMY8P2EZ5d,CoinDCX,tron_coindcx_2025,CoinDCX,KuCoin,1,2,0.1537,0.4965,0,0
TCgyY7yoG21w5RcbhP77R1PAYMY8P2EZ5d,CoinDCX,tron_coindcx_2025,CoinDCX,HTX,2,2,0.0991,0.3202,0,0
TCgyY7yoG21w5RcbhP77R1PAYMY8P2EZ5d,CoinDCX,tron_coindcx_2025,CoinDCX,CoinDCX,3,2,0.0107,0.031,0,1
TCi2yhoi1PAYDANyLdkkSNjjLDTbwesKrT,CoinDCX,tron_coindcx_2025,CoinDCX,OKX,1,2,0.3841,0.8075,0,0
TCi2yhoi1PAYDANyLdkkSNjjLDTbwesKrT,CoinDCX,tron_coindcx_2025,CoinDCX,CoinDCX,2,2,0.1251,0.3615,0,1
TCsRX6AzgCKL6ZXkiTZ82ZK2X5hLc6rbbA,KuCoin,tron,KuCoin,,,,,,,
TD8vaHu83Wkf5hQqwi2eZaomYE12QYdpKb,Bitfinex,tron,Bitfinex,Bitfinex,1,2,0.2639,0.8075,0,1
TDDgTa1SuFg5yBL99oYxtriJnEPYR9gzaA,Bitfinex,tron,Bitfinex,,,,,,,
TDKGwim8Bih6gTAVugqXB6RGqneqWf9iJv,KuCoin,tron,KuCoin,OKX,1,3,0.0149,0.0408,0,0
TDj5gfFsUgCDKJSRCRNGRLsVDTr8EHaA73,KuCoin,tron,KuCoin,KuCoin,1,2,0.7718,0.8075,0,1
TDjimBTptAbkrKkeEekTwgzGAUeyQrWKx8,Bitget,tron,Bitget,Bitget,1,2,0.9997,0.8075,0,1
TDpKnKehfD6ARgV4s8H8L1Ks94R6XXALhP,Bitfinex,tron,Bitfinex,Bitfinex,1,2,1.0,0.8075,0,1
TDw6FGaee3GMN4cEB26LWHRat3rBCUDGwm,OKX,tron,OKX,OKX,1,2,0.1149,0.3497,0,1
TEDtjdAwpj8XDszBi5c8CRQAAEYEN9KHvF,Bitget,tron,Bitget,Bitget,1,2,0.7692,0.8075,0,1
TEGqGjh2AQDuu1EXVT4ziGwNhHfbCzj3Uv,Bitfinex,tron,Bitfinex,Bitfinex,1,2,0.302,0.8005,0,1
TEHm8PdwfD4S74KWtVHvohdg5JsCL5JUGY,KuCoin,tron,KuCoin,,,,,,,
TEWWSU7Z3Y1rdC6yry2xr6pwjeDJ51Vb5V,Bitfinex,tron,Bitfinex,Bitfinex,1,2,0.9941,0.8075,0,1
TEciHar2rDKpD81ZqnusSnK38eckHSLcfw,OKX,tron,OKX,OKX,1,2,0.1959,0.6329,0,1
TEciHar2rDKpD81ZqnusSnK38eckHSLcfw,OKX,tron,OKX,Gate.io,2,2,0.0571,0.1843,0,0
TEjT7uXCHmiLHoJqeJu1ph3zyyRahwKvZv,Bitget,tron,Bitget,Bitget,1,2,1.0,0.8075,0,1
TEoKTip3iP6TR7AqjxdUzjXq1uxDixdxYh,OKX,tron,OKX,OKX,1,2,0.1047,0.3382,0,1
TEwMbSMd9CGDFDwLcmApyS9wVNwqcKZhyz,Bitrue,tron,Bitrue,Bitrue,1,2,0.4262,0.8075,0,1
TF2Y4i2iTX4ruxFEY1AYEMkcYfyAAcMibG,OKX,tron,OKX,,,,,,,
TF8j66MfvJiSNLDzUohHRR1G2rk9yWvrtr,Bitget,tron,Bitget,Bitget,1,2,0.4386,0.8075,0,1
TFBuJNMGikpiALVWdvUdeBx7vJiA7Xp7Vp,Bitget,tron,Bitget,Bitget,1,2,0.3157,0.8075,0,1
TFGDbUyP8xez44C76fin3bn3Ss6jugoUwJ,CoinDCX,tron_coindcx_2025,CoinDCX,Gate.io,1,3,0.0124,0.0341,0,0
TFPfiT2Qmo21Y6cUiT7iKYhDDj5PGq6stZ,OKX,tron,OKX,OKX,1,2,1.0,0.8075,0,1
TFQASPW1GpagSMz3k26VUjUzxN6vtiqcL7,Gate.io,tron,Gate.io,Gate.io,1,2,1.0,0.8075,0,1
TFTQYTkQvoYAiB3b88uE5DfDuLyUVvgYuA,Bitrue,tron,Bitrue,Bitrue,1,2,0.0565,0.1825,0,1
TFj1KqSsFFsjSgGTswFnSsWu4UJbe2DYHW,Bitfinex,tron,Bitfinex,Bitfinex,1,2,1.0,0.8075,0,1
TFq4ypBijS6WuSRMbQ5emPqhQq2Z7sZoqC,Bitget,tron,Bitget,Bitget,1,2,0.0148,0.0477,0,1
TFxbhmnqfqnXwoLivPSP12r4DXop5qEUYQ,Bitrue,tron,Bitrue,Bitrue,1,2,0.1306,0.422,0,1
TFxbhmnqfqnXwoLivPSP12r4DXop5qEUYQ,Bitrue,tron,Bitrue,KuCoin,2,3,0.5271,0.6864,0,0
TGC26wZVZnoRZg3RnZe1aXArVp8Fsz4nLs,Gate.io,tron,Gate.io,Gate.io,1,2,0.2548,0.8075,0,1
TGFiV4XyXDBseMpAy2QyhLPbLU54aYShEh,CoinDCX,tron_coindcx_2025,CoinDCX,KuCoin,1,2,0.0387,0.1251,0,0
TGFiV4XyXDBseMpAy2QyhLPbLU54aYShEh,CoinDCX,tron_coindcx_2025,CoinDCX,Bitget,2,2,0.0225,0.0727,0,0
TGFxxpqRWvCx1K32u2YmtocWAKqZTgjcDf,Bitfinex,tron,Bitfinex,Bitfinex,1,2,1.0,0.8075,0,1
TGG1dthVs5Yw3ta2ZnZKYejXQL8T7TTthq,Bitrue,tron,Bitrue,OKX,1,2,0.0989,0.3195,0,0
TGG1dthVs5Yw3ta2ZnZKYejXQL8T7TTthq,Bitrue,tron,Bitrue,Bitget,2,2,0.0183,0.0591,0,0
TGKgNknqmEBRknvGVZuMgPbkLiECuGBvS9,CoinDCX,tron_coindcx_aug,CoinDCX,CoinDCX,1,2,0.0115,0.0333,0,1
TGTb1paYrYajQ92C7xdrgEP5fT7LF5x73C,CoinDCX,tron_coindcx_2025,CoinDCX,OKX,1,2,0.0862,0.2784,0,0
TGTb1paYrYajQ92C7xdrgEP5fT7LF5x73C,CoinDCX,tron_coindcx_2025,CoinDCX,Bitget,2,2,0.0374,0.1207,0,0
TGTb1paYrYajQ92C7xdrgEP5fT7LF5x73C,CoinDCX,tron_coindcx_2025,CoinDCX,HTX,3,2,0.0118,0.0381,0,0
TGVcewtPiC1DWY7EdqQQzktfMvFW2xsaLs,KuCoin,tron,KuCoin,OKX,1,2,0.0614,0.1877,0,0
TGVfHGvD6ENrm4vEm22nkiTLtzK1d46SZo,Bitfinex,tron,Bitfinex,Bitfinex,1,2,0.0902,0.2915,0,1
TGYA4k9aiRFMuGiyzPquTgwkDvubVK7ccq,Bitrue,tron,Bitrue,Bitrue,1,2,0.4676,0.8075,0,1
TGa6gT19oTJKuBRQKiHArh5P2DLJXymsHK,KuCoin,tron,KuCoin,KuCoin,1,2,0.0744,0.2405,0,1
TGaTXNf3J2ih9hpcE3fMZXDG9nmPay2igs,Bitrue,tron,Bitrue,Bitrue,1,2,0.0526,0.1697,0,1
TGatwzPMcJzHWCrTj9f1es864TtgbV5oVZ,Bitrue,tron,Bitrue,OKX,1,3,0.0168,0.0463,0,0
TGce1rHEx73a6EEh6sSGr6oTrR85cZ3quW,Bitget,tron,Bitget,Bitget,1,2,0.9857,0.8075,0,1
TGdcHeSKgrwGqBdHRvq3AXJ5ffeuVcqz58,KuCoin,tron,KuCoin,KuCoin,1,2,0.107,0.3455,0,1
TGdf2NSsdVpF7ENxzVxyBdMVSdr3wJYt92,KuCoin,tron,KuCoin,KuCoin,1,2,0.03,0.0969,0,1
TGdf2NSsdVpF7ENxzVxyBdMVSdr3wJYt92,KuCoin,tron,KuCoin,OKX,2,3,0.0219,0.0602,0,0
TGjFJqErd4JUnVeVgRAToceVrpJK4AxCgT,Bitfinex,tron,Bitfinex,Bitfinex,1,2,0.9927,0.8075,0,1
TGmR75eFPUqupCGgUNbNv3kXTJZPxitzag,Bitrue,tron,Bitrue,Bitrue,1,2,0.8142,0.8075,0,1
TGn59sTxHPtekFL3g2pkCtfUxfMmG8U5fT,Bitget,tron,Bitget,Bitget,1,2,0.173,0.5384,0,1
TGoNcNXHgsJoLA4tx8vrQqzkGQMy8pd2rF,Bitget,tron,Bitget,OKX,1,2,0.4929,0.7964,0,0
TGoNcNXHgsJoLA4tx8vrQqzkGQMy8pd2rF,Bitget,tron,Bitget,Bitget,2,2,0.058,0.1874,0,1
TGpjGtNnTTCujFvhrkWgxXMVbQEwEmYqZK,Bitget,tron,Bitget,,,,,,,
TGrTNKT3YCkTX9D6kgCtTiLYb6qmNPed7i,Bitrue,tron,Bitrue,Bitrue,1,2,0.1119,0.3616,0,1
TGzWGh4nEN1tGZyj5wkKCeVovaDbgVHuyV,Bitget,tron,Bitget,Bitget,1,2,0.0157,0.0506,0,1
TH4AorTQVjLfPKCdh73ndxXtQfzPPj34LS,Bitget,tron,Bitget,Bitget,1,2,0.7685,0.8075,0,1
THAfsknZyscdnaAL5tJZVnvpkadgu94caH,Gate.io,tron,Gate.io,Gate.io,1,2,1.0,0.8075,0,1
THDsVrnKBqpoZLibCMjcXTKfBm2h4ap9vZ,Gate.io,tron,Gate.io,Gate.io,1,2,0.3737,0.7688,0,1
THPAY2Vm8HKGVZtNB2CM6t5X4ifjiMTz7Y,CoinDCX,tron_coindcx_2025,CoinDCX,OKX,1,2,0.1053,0.34,0,0
THYXpuf7QpDeAqw5Fcc8yfqpb21ZpGrVwY,KuCoin,tron,KuCoin,KuCoin,1,2,0.987,0.8075,0,1
THf7M9726Z71fb7ZNFCu8j51mZwc95cyib,OKX,tron,OKX,OKX,1,2,0.4934,0.7725,0,1
THgcFpLFzAZhfGSXLHUYcVZQBh1XGTyk7g,Bitfinex,tron,Bitfinex,Bitfinex,1,2,0.3413,0.7498,0,1
THgcFpLFzAZhfGSXLHUYcVZQBh1XGTyk7g,Bitfinex,tron,Bitfinex,KuCoin,2,2,0.0573,0.1851,0,0
THgh3Nahbuv8haEGWnsMdhQhRE2Hoifobd,Gate.io,tron,Gate.io,Gate.io,1,2,0.0124,0.04,0,1
THuFj34z38VrahY6bM96KKMe4pMbr1z4hj,CoinDCX,tron_coindcx_2025,CoinDCX,,,,,,,
THxUReKcPxk1NXvKQ5YtFoTU22xEFLzAuN,Bitfinex,tron,Bitfinex,Bitfinex,1,2,0.5664,0.8075,0,1
THzscZhV5sv4cvfnsLhT6i2VWkh9eR6gET,Gate.io,tron,Gate.io,Gate.io,1,2,0.0819,0.2645,0,1
TJa5Qkfsxbmumt83xarhJFDpAy7Yv6sti3,CoinDCX,tron,CoinDCX,OKX,1,2,0.6273,0.8075,0,0
TJa5Qkfsxbmumt83xarhJFDpAy7Yv6sti3,CoinDCX,tron,CoinDCX,CoinDCX,2,2,0.3727,0.7225,0,1
TJhyQQEVYozU6md6BVUVTPjxePAy4dspn3,CoinDCX,tron_coindcx_2025,CoinDCX|OKX,OKX,1,2,0.1432,0.4627,0,1
TJhyQQEVYozU6md6BVUVTPjxePAy4dspn3,CoinDCX,tron_coindcx_2025,CoinDCX|OKX,CoinDCX,2,2,0.03,0.0867,0,1
TJi9frzbsY27tvwowN198L7PAY1FLkPCdo,Bitrue,tron,Bitrue,Bitrue,1,2,0.7518,0.8075,0,1
TJkyDMtpExtKNjFNyoCDbGZGSmzXHs8SVF,KuCoin,tron,KuCoin,KuCoin,1,2,0.4362,0.7894,0,1
TJsDfokB1PAYv1333MXJTMaJz7PGBSVGZj,CoinDCX,tron_coindcx_2025,CoinDCX,CoinDCX,1,2,0.3623,0.7225,0,1
TJuWpbvDT8B79e4HYHwUvV1u1xPduzNfY4,KuCoin,tron,KuCoin,KuCoin,1,2,0.9203,0.8075,0,1
TJvr4r3v9igr4EFBrbXw47zn5shgLqydkF,OKX,tron,OKX,OKX,1,2,0.3551,0.8075,0,1
TKJ6cKUcELvgKxCrh24PA55k36vVHVVspj,OKX,tron,OKX,OKX,1,2,0.0536,0.1732,0,1
TKJepXGqNSEP9mY7PdzS1pH7VLHiFqAmL4,Bitrue,tron,Bitrue,OKX,1,2,0.5674,0.8075,0,0
TKJepXGqNSEP9mY7PdzS1pH7VLHiFqAmL4,Bitrue,tron,Bitrue,Bitrue,2,2,0.1418,0.4582,0,1
TKJiHVsRviZXDeKexEqKicv2eNrYoppmoi,Bitfinex,tron,Bitfinex,Bitfinex,1,2,1.0,0.8075,0,1
TKS7z28PfaoFrKQjp7VQUbtZPWYBrN6weX,OKX,tron,OKX,OKX,1,2,0.5505,0.8075,0,1
TKS7z28PfaoFrKQjp7VQUbtZPWYBrN6weX,OKX,tron,OKX,Gate.io,2,2,0.0112,0.0363,0,0
TKhQerHMNhMy1hD91PAyqYZizG4uRXgv1C,CoinDCX,tron_coindcx_2025,CoinDCX,CoinDCX,1,2,0.4953,0.7225,0,1
TKiBHda1iczsZ6gsvys489BTrtBjYUeEha,Gate.io,tron,Gate.io,Gate.io,1,2,0.7921,0.8075,0,1
TKtLwnXpzBXbYQCpd7hPCkReZbb5acjXqz,KuCoin,tron,KuCoin,KuCoin,1,2,1.0,0.8075,0,1
TKzK3SVypZKYMLNVaFEHBNHbVVch7q54Ms,CoinDCX,tron_coindcx_2025,CoinDCX,OKX,1,2,0.1218,0.3409,0,0
TL1WTnBhURYHDoFJ1niqkn6W5QiT4J68f2,KuCoin,tron,KuCoin,KuCoin,1,2,0.3362,0.8075,0,1
TL9xEBqy8ctRJqtpKJYVaz7C4E45WRYvCM,OKX,tron,OKX,OKX,1,2,0.1904,0.615,0,1
TLD8qmCcpAyXFSeXj5dvesCacWv9XAp58S,Bitfinex,tron,Bitfinex,,,,,,,
TLGE1vVUX4sECv3j8zFUDkQcdfbENUvJts,Gate.io,tron,Gate.io,Gate.io,1,2,0.1463,0.4724,0,1
TLKSiG9kTGS7Nhk6cz3jQFavgsuyVZGw88,OKX,tron,OKX,,,,,,,
TLYgd3s5kQ3tderBYcWpbrYLzGxBLai9eS,KuCoin,tron,KuCoin,KuCoin,1,2,0.5713,0.8075,0,1
TLYgd3s5kQ3tderBYcWpbrYLzGxBLai9eS,KuCoin,tron,KuCoin,OKX,2,2,0.1223,0.3951,0,0
TLYm4uYx8z1FPyMbNysMZuHpaWzLC5jWZW,Gate.io,tron,Gate.io,OKX,1,2,0.3888,0.8075,0,0
TLb7SNHYHSLWrkhWAP4bynqbY2jvQ1BEXV,Bitget,tron,Bitget,Bitget,1,2,0.288,0.8075,0,1
TLeS19xvNWfar4fLCyrnSMTFemetRa7hyq,Bitrue,tron,Bitrue,,,,,,,
TLgV9byyQFD2eyjC3Hd9n8BhwYdu5V5kD1,Bitrue,tron,Bitrue,Bitrue,1,2,0.012,0.0388,0,1
TLgmoPCJTxES6N9zV7gt8ET8A3c8PDL7a8,Gate.io,tron,Gate.io,Bitget,1,2,0.0195,0.0629,0,0
TLhRD6HTG3jmNHW5uAfdiDbMx2SWpMJXXR,OKX,tron,OKX,,,,,,,
TLn3c6rx2pcjtjPgfgEZynUy2XbZw4gFNF,Gate.io,tron,Gate.io,Gate.io,1,2,0.9989,0.8075,0,1
TLoEFgRHz3M1ctr1bMvN5FUeow6zGfZgow,Bitget,tron,Bitget,Bitget,1,2,0.2163,0.6985,0,1
TLtY6tXcJ6BrhWr3iMjVn9W31j4TmCh2sG,Bitrue,tron,Bitrue,Bitrue,1,2,0.9998,0.8075,0,1
TM391XGgnssNEQEoGXXuKd8CW6nXQaNZCi,CoinDCX,tron_coindcx_2025,CoinDCX,Bitget,1,3,0.0592,0.1624,0,0
TM5diBTURkfgp7ibW6Sx8z7uuLFjzmYB3z,Bitfinex,tron,Bitfinex,Bitfinex,1,2,1.0,0.8075,0,1
TMNJAbJRT3pA7Gp3p1paYsVLy7ThtgvzaT,CoinDCX,tron_coindcx_2025,CoinDCX,OKX,1,2,0.1093,0.3531,0,0
TMNJAbJRT3pA7Gp3p1paYsVLy7ThtgvzaT,CoinDCX,tron_coindcx_2025,CoinDCX,Bitget,2,2,0.0653,0.211,0,0
TMNJAbJRT3pA7Gp3p1paYsVLy7ThtgvzaT,CoinDCX,tron_coindcx_2025,CoinDCX,CoinDCX,3,2,0.0355,0.1026,0,1
TMPEWqodU1vMqurLrunSVNBYp23wC5m6sn,Bitget,tron,Bitget,Bitget,1,2,1.0,0.8075,0,1
TMSgz4eYktcqAr3M5LUYupCbudBV1zB93n,OKX,tron,OKX,OKX,1,2,0.6821,0.8075,0,1
TMUbsvavyT16ag8Z6rbofMDoUoakGGvWL7,Bitfinex,tron,Bitfinex,,,,,,,
TMYP2gj2M1xNriyum3grCzHTwnVzP8tDVJ,KuCoin,tron,KuCoin,KuCoin,1,2,1.0,0.8075,0,1
TMhBnVuWeW4ffPFqoseJmYyPzCEC8JFvAk,Bitfinex,tron,Bitfinex,Bitfinex,1,2,0.4813,0.8075,0,1
TMhtRyMqwJkBWfpBX1j1ifnFarNeVgyV3y,Bitrue,tron,Bitrue,Bitget,1,3,0.013,0.0358,0,0
TMkpgvRsvjJ1qcv5pp3g4bZ1penC9xCDKQ,OKX,tron,OKX,OKX,1,2,0.0483,0.1561,0,1
TMoDi7qnUmnNgdDtYhvS9pCWC1RVcDPooH,Gate.io,tron,Gate.io,Gate.io,1,2,0.4078,0.8075,0,1
TMocfLCAzfqwEwxVk7LyzeuF5VNTHGe2Z3,KuCoin,tron,KuCoin,,,,,,,
TMrVwW7xiEkM7pUKNvm9X7iCFdA739bkqY,Bitrue,tron,Bitrue,,,,,,,
TMrmbACs9Bg3Cq97UMGKGCWVm2vKHREzZp,OKX,tron,OKX,OKX,1,2,1.0,0.8075,0,1
TMv3L2qhtP1BDi9rorMuhiCcNHYpHZvkZV,Bitfinex,tron,Bitfinex,,,,,,,
TMwjXGhyp8fvVcVRX9iZX1cxKUaha66666,KuCoin,tron,KuCoin,KuCoin,1,2,1.0,0.8075,0,1
TMywJRxPtWPcLWSV4xvGUpWGJ6dTbCpMJ9,Gate.io,tron,Gate.io,Gate.io,1,2,1.0,0.8075,0,1
TMz121PAy4CWHZ6cPUDgnwDZSRrYof1JwF,CoinDCX,tron_coindcx_2025,CoinDCX,OKX,1,2,0.4716,0.8075,0,0
TMz121PAy4CWHZ6cPUDgnwDZSRrYof1JwF,CoinDCX,tron_coindcx_2025,CoinDCX,Bitget,2,2,0.2205,0.7124,0,0
TMz121PAy4CWHZ6cPUDgnwDZSRrYof1JwF,CoinDCX,tron_coindcx_2025,CoinDCX,CoinDCX,3,2,0.1309,0.3784,0,1
TMzjjaj1STqY6LEhGnmrDpay7LvwCjNGcR,Bitrue,tron,Bitrue,Bitrue,1,2,0.6653,0.8075,0,1
TN5Z3fLrQB5XQMSYAAHeFPpSi4Lzer5ZG3,Bitget,tron,Bitget,Bitget,1,2,0.0303,0.0977,0,1
TN6G5ebLozQ6sSnyDMVtgpvuGc7tAzJsFo,Bitget,tron,Bitget,Bitget,1,2,0.9667,0.8075,0,1
TNVjYgZSPUhHUdBopnNKnEnzw8oxnqxD6q,Bitrue,tron,Bitrue,Bitrue,1,2,0.0605,0.1954,0,1
TNVjYgZSPUhHUdBopnNKnEnzw8oxnqxD6q,Bitrue,tron,Bitrue,OKX,2,3,0.0873,0.2397,0,0
TNhciFkocgLxn8oN9dFaN6u2R8A6pfxPZ4,Gate.io,tron,Gate.io,Gate.io,1,2,0.5141,0.8075,0,1
TNhciFkocgLxn8oN9dFaN6u2R8A6pfxPZ4,Gate.io,tron,Gate.io,KuCoin,2,2,0.3171,0.8075,0,0
TNm8KLtLu1c8Nt8YVjs3gSCCaKYMDorFNo,Gate.io,tron,Gate.io,OKX,1,2,0.5994,0.8048,0,0
TNm8KLtLu1c8Nt8YVjs3gSCCaKYMDorFNo,Gate.io,tron,Gate.io,Gate.io,2,2,0.0611,0.1973,0,1
TNtfmefBhdCW2shxk5LgQ3VGaNTz6dXixN,KuCoin,tron,KuCoin,KuCoin,1,2,0.0112,0.0363,0,1
TNvXnnWjqPyZ97mY1e32sq5CiT5bFKiu3s,Gate.io,tron,Gate.io,Gate.io,1,2,1.0,0.6884,0,1
TNxvPJ6jyZAXdCGhdnYxK53N5SSRuDtMSG,Gate.io,tron,Gate.io,Gate.io,1,2,0.5003,0.7807,0,1
TNxyqYSgG1oJrtXNwb9FQFgGjwRfV8oUsE,Gate.io,tron,Gate.io,Gate.io,1,2,0.0594,0.1918,0,1
TNzT79JXAnGejtKGr7uNC3YhdrxD1CEGVb,CoinDCX,tron_coindcx_2025,CoinDCX|KuCoin,Bitget,1,2,0.0117,0.0378,0,0
TPAJLqBjUTndjvb14zKozkSVZt6u5ZCigc,CoinDCX,tron_coindcx_2025,CoinDCX,,,,,,,
TPAY1xQ6zQvuuXiKS64NwsG3UNudb4kwis,Bitrue,tron,Bitrue,OKX,1,2,0.219,0.7075,0,0
TPAY1xQ6zQvuuXiKS64NwsG3UNudb4kwis,Bitrue,tron,Bitrue,Bitrue,2,2,0.1547,0.4997,0,1
TPGPjpXSGa5dfsC23kwxYesz8oMJm9Qtv1,KuCoin,tron,KuCoin,KuCoin,1,3,0.0126,0.0345,0,1
TPMjvDvbUBFAbCa9dax2fqovkNrgmiPQDA,OKX,tron,OKX,OKX,1,2,0.5729,0.8026,0,1
TPY9KBfY9r3mj7VcchJoXSsmd4KJzpBiXi,KuCoin,tron,KuCoin,KuCoin,1,2,1.0,0.8075,0,1
TPajYqvTxPfaEMrcSMS7omonUZnswKxj1t,CoinDCX,tron_coindcx_2025,CoinDCX,CoinDCX,1,2,0.2975,0.7052,0,1
TPmpNmg8WvDv5fs1Jr7RFQZJkkxPay2E4x,CoinDCX,tron_coindcx_2025,CoinDCX,OKX,1,2,0.0474,0.153,0,0
TPmpNmg8WvDv5fs1Jr7RFQZJkkxPay2E4x,CoinDCX,tron_coindcx_2025,CoinDCX,Bitget,2,2,0.0185,0.0598,0,0
TPmpNmg8WvDv5fs1Jr7RFQZJkkxPay2E4x,CoinDCX,tron_coindcx_2025,CoinDCX,Gate.io,3,2,0.016,0.0516,0,0
TPuYAQLQnbx5Rse5YR9pbvSHzJEG1QrZsH,KuCoin,tron,KuCoin,KuCoin,1,2,0.2451,0.7918,0,1
TQ1sXVyD32zFLRSfoHB5mLPSL3iUovqWSR,KuCoin,tron,KuCoin,KuCoin,1,2,0.0879,0.2839,0,1
TQCNVgpvcjw9R9MWrVYkstGjkU4sR3F44j,Bitget,tron,Bitget,,,,,,,
TQHR4gmi5nUfYak4hY6vnEb4ou78dsztFy,OKX,tron,OKX,OKX,1,2,1.0,0.8075,0,1
TQJ5D6EUeN9UTXWYAKF8e1U9jiYXjo3fJz,KuCoin,tron,KuCoin,KuCoin,1,2,0.0118,0.038,0,1
TQPzjuLJmvjsKVh5yZ2a6VrEfE3ND8xRLr,Bitfinex,tron,Bitfinex,Bitfinex,1,2,0.2703,0.8075,0,1
TQa41e3PdMJK499BB9DTwozgZpPXZ9LJDi,KuCoin,tron,KuCoin,KuCoin,1,2,0.3058,0.8075,0,1
TQc74XixcHvLJ3gPbVQ6hG6Ym5d8gGBpcQ,OKX,tron,OKX,OKX,1,2,0.4959,0.8075,0,1
TQdoQBtpnfWUqVGrNzyUqmiq3pr9dHXvkQ,Bitget,tron,Bitget,Bitget,1,2,0.3332,0.8075,0,1
TQmAfc5bYaAiNrSEpAefbYNNsqTwkaTArR,Bitrue,tron,Bitrue,Bitrue,1,2,0.035,0.1132,0,1
TQpmUja3XmbUcfnUbcT29BadbvtgEpcqXC,KuCoin,tron,KuCoin,KuCoin,1,2,0.3266,0.8075,0,1
TQuFSvpct2FeBrKjRh8NDqtGAci2Z15RSa,CoinDCX,tron_coindcx_2025,CoinDCX,OKX,1,3,0.0363,0.0998,0,0
TQuFSvpct2FeBrKjRh8NDqtGAci2Z15RSa,CoinDCX,tron_coindcx_2025,CoinDCX,HTX,2,3,0.0309,0.0848,0,0
TQwNw3KgEyfML9XXhmzSevR9xiKsrQh5KM,CoinDCX,tron_coindcx_2025,CoinDCX,OKX,1,2,0.4827,0.7965,0,0
TR4WAmhPmY1YUD3fyZ7tUJ9KMK54maBK2h,Bitrue,tron,Bitrue,,,,,,,
TR5wsz8WdQTGBbwcUsVFvSvZCY5CfCcQWr,Gate.io,tron,Gate.io,,,,,,,
TRRV3NXXpJmXVgLR6eprKhz7sedpV7BYuw,Bitrue,tron,Bitrue,,,,,,,
TRTTuP8HQPisNU2a3LJ2Dnso5Kwi77jDen,Gate.io,tron,Gate.io,Gate.io,1,2,0.373,0.8075,0,1
TRV5VMNic2ovntLPs1DYM7ENnniW3Dc1AF,OKX,tron,OKX,OKX,1,2,0.1132,0.3186,0,1
TRZNXjkpqouhhYdmFun9yMyiWrHRpF2QY4,Bitget,tron,Bitget,,,,,,,
TRfbZHMupTea8ivu32oL1WGvS2BKSQLNYB,OKX,tron,OKX,OKX,1,2,0.0834,0.2693,0,1
TRfbZHMupTea8ivu32oL1WGvS2BKSQLNYB,OKX,tron,OKX,Gate.io,2,2,0.0562,0.1815,0,0
TRgZUWryvkxUiTpoqJrQpxu6cr88d5gSb6,Gate.io,tron,Gate.io,Gate.io,1,2,0.0217,0.0699,0,1
TRivfUY72ctkGEwN9pb7uSXHrF3EZkQJNB,Bitfinex,tron,Bitfinex,Bitfinex,1,2,0.3475,0.8075,0,1
TRvEQZSW1YDPpgGhKus62zpymQHAQL5LCY,Bitfinex,tron,Bitfinex,Bitfinex,1,2,0.7492,0.8075,0,1
TRwdFxuw3s9WsiZzUCWAX5QV2QwANM6neo,OKX,tron,OKX,OKX,1,2,0.6621,0.7565,0,1
TS6UNn9Vsq6QtdZMqR1Jqvg96KbzmRDhCr,OKX,tron,OKX,OKX,1,3,0.0553,0.1518,0,1
TS7mQH5ErPGyxbay9iNThdUGtoGpay19B9,CoinDCX,tron_coindcx_2025,CoinDCX,CoinDCX,1,2,0.2953,0.7225,0,1
TS939hT4JVKwKcjf5QsJggfWPMKVwUmZ7v,Bitget,tron,Bitget,Bitget,1,2,0.0309,0.0998,0,1
TS939hT4JVKwKcjf5QsJggfWPMKVwUmZ7v,Bitget,tron,Bitget,OKX,2,3,0.017,0.0467,0,0
TSEAhyDcJq3fyGucSm6Yj9g27TJPRS6fnj,KuCoin,tron,KuCoin,KuCoin,1,2,0.9626,0.8075,0,1
TSHun8XPP8QY8R6qqc18oiyRrF39kHf8ce,Bitrue,tron,Bitrue,Bitrue,1,2,0.0536,0.173,0,1
TSJw75yL5rHoXgHntKEKsyWqpvynFdjpHa,Gate.io,tron,Gate.io,Gate.io,1,2,0.6419,0.8075,0,1
TSR9877WSvohcGy6Lchpzxr3CjrJf3BGmB,Bitfinex,tron,Bitfinex,,,,,,,
TSTZg6bJaMynWCsQXcT2Dof6iGTERnPbbz,Bitrue,tron,Bitrue,,,,,,,
TSbJYysVNSymSt3mEGWMPWXwGBJRyb1Cwk,KuCoin,tron,KuCoin,KuCoin,1,2,0.7703,0.8075,0,1
TSbrhuHbDgCeokhmxHAUyhwr1eJxTXNyiT,Bitrue,tron,Bitrue,Bitrue,1,2,0.0326,0.1052,0,1
TSdhwCqSK7wgjAAfmBGdv9sMe1HiYUiVLV,CoinDCX,tron_coindcx_2025,CoinDCX,CoinDCX,1,2,0.0708,0.2046,0,1
TSeNz3auHHdGkxRC6YqWfDPN4n9Wz8tuVu,Bitfinex,tron,Bitfinex,Bitfinex,1,2,1.0,0.8075,0,1
TShuwnQuqfAaKYwR2wAGM7gu9xC58sSRPv,Bitrue,tron,Bitrue,Bitrue,1,2,0.052,0.168,0,1
TSpFvuABmuGfa2J8xRXtsGFzTyMkKK5cmB,OKX,tron,OKX,OKX,1,2,0.0526,0.1699,0,1
TSsu493ZtQeJfB3oUAAtmDdgC4WmyjLmdV,Gate.io,tron,Gate.io,Gate.io,1,2,0.734,0.8075,0,1
TSxnbtax1pAYZLVW96aa3tKbWDUESAQxHR,CoinDCX,tron_coindcx_2025,CoinDCX,OKX,1,2,0.1189,0.3329,0,0
TSxnbtax1pAYZLVW96aa3tKbWDUESAQxHR,CoinDCX,tron_coindcx_2025,CoinDCX,HTX,2,2,0.0468,0.1512,0,0
TSxnbtax1pAYZLVW96aa3tKbWDUESAQxHR,CoinDCX,tron_coindcx_2025,CoinDCX,CoinDCX,3,2,0.0107,0.0309,0,1
TT3LrpM5r9uwHUWsZf6dSVsAfxdAnihnCQ,Bitrue,tron,Bitrue,Bitrue,1,2,0.0372,0.12,0,1
TT3LrpM5r9uwHUWsZf6dSVsAfxdAnihnCQ,Bitrue,tron,Bitrue,OKX,2,3,0.0182,0.0501,0,0
TT6ptHim6VH93Ry8sdUPVn65rPnGuYZDFU,Bitget,tron,Bitget,Bitget,1,2,0.624,0.8075,0,1
TTBpznCLLDALC2A8A3BfeeySAJSSM4U86J,Bitget,tron,Bitget,,,,,,,
TTGxqvo8dN8fuzBkJ69nFAmkvpPtcp9Bz7,Bitrue,tron,Bitrue,Bitrue,1,2,1.0,0.8075,0,1
TTRbz4bjPtVHCrCHitvStPBUueNkJngxwV,Gate.io,tron,Gate.io,Gate.io,1,2,1.0,0.8075,0,1
TTY7N62Rep6uvwEYfTkWwwdPDHuH1agvev,CoinDCX,tron_coindcx_2025,CoinDCX,CoinDCX,1,2,0.6411,0.7225,0,1
TTYD5UU7Gf2KrAagpe3YLv7XqQeAYp4KG1,OKX,tron,OKX,OKX,1,2,0.6819,0.8075,0,1
TTZXsMemF4Ep1VZkuzJPEsSVrgosi6RXg9,Bitget,tron,Bitget,Bitget,1,2,0.0111,0.0358,0,1
TTbub7UjNxEroiRjZr8RcHHX2ZBfrynLhQ,KuCoin,tron,KuCoin,KuCoin,1,2,0.9965,0.7801,0,1
TTeVKmfw3bZmXHNw8mVCRXv8qhHVXeaavJ,Gate.io,tron,Gate.io,Gate.io,1,2,0.7324,0.8075,0,1
TThkemCEPEW1rsE9Lppgncecedy18ZPvzL,CoinDCX,tron_coindcx_2025,CoinDCX,OKX,1,2,0.2588,0.7927,0,0
TThkemCEPEW1rsE9Lppgncecedy18ZPvzL,CoinDCX,tron_coindcx_2025,CoinDCX,CoinDCX,2,2,0.0106,0.0305,0,1
TThkemCEPEW1rsE9Lppgncecedy18ZPvzL,CoinDCX,tron_coindcx_2025,CoinDCX,Bitget,3,3,0.0136,0.0373,0,0
TTmeFedLs5WZXfF2KN7sKSd6A5XUG7SgQm,Bitfinex,tron,Bitfinex,Bitfinex,1,2,1.0,0.8075,0,1
TTnbTus36t2W6uee49Ns3SE8oWfuK2TZXz,Gate.io,tron,Gate.io,Gate.io,1,2,0.2783,0.8075,0,1
TTrhGb58Z2PaY469akkkSE3f2sXH7jKRnr,CoinDCX,tron_coindcx_2025,CoinDCX,OKX,1,2,0.2194,0.7087,0,0
TTrhGb58Z2PaY469akkkSE3f2sXH7jKRnr,CoinDCX,tron_coindcx_2025,CoinDCX,HTX,2,2,0.027,0.0873,0,0
TTrhGb58Z2PaY469akkkSE3f2sXH7jKRnr,CoinDCX,tron_coindcx_2025,CoinDCX,Bitget,3,2,0.0102,0.033,0,0
TTuataQWgZDvtRJPPaY18eikuj3WUy6W2r,CoinDCX,tron_coindcx_2025,CoinDCX,OKX,1,2,0.2,0.6458,0,0
TTuataQWgZDvtRJPPaY18eikuj3WUy6W2r,CoinDCX,tron_coindcx_2025,CoinDCX,Bitget,2,2,0.0139,0.0447,0,0
TTuataQWgZDvtRJPPaY18eikuj3WUy6W2r,CoinDCX,tron_coindcx_2025,CoinDCX,KuCoin,3,2,0.0106,0.0342,0,0
TU35Kqq9AWQBgqqyZz7J24yaoMZaVnrLAS,Bitfinex,tron,Bitfinex,Bitfinex,1,2,1.0,0.8075,0,1
TUAbwfB1paYXeABVLDijGnmh9KDun5ewdd,CoinDCX,tron_coindcx_2025,CoinDCX,Bitget,1,2,0.1243,0.4013,0,0
TUB71HBPoVJEG4GZbN3N7rzR62XGrvbFHs,OKX,tron,OKX,OKX,1,2,0.0561,0.1813,0,1
TUCN1rLwBcaNExN5eCU1yUwEiJF3dZ3N2s,KuCoin,tron,KuCoin,KuCoin,1,2,0.1213,0.3695,0,1
TUCN1rLwBcaNExN5eCU1yUwEiJF3dZ3N2s,KuCoin,tron,KuCoin,OKX,2,3,0.0771,0.2117,0,0
TUKwyYJZoqpfiu2NrgdfGN6xHNUGC6gZ5E,CoinDCX,tron_coindcx_2025,CoinDCX,KuCoin,1,2,0.1235,0.3989,0,0
TUKwyYJZoqpfiu2NrgdfGN6xHNUGC6gZ5E,CoinDCX,tron_coindcx_2025,CoinDCX,Bitget,2,2,0.0709,0.2044,0,0
TUS4CywgQ6KkfU7psoUQ4XAxDEuTwurwhW,CoinDCX,tron_coindcx_2025,CoinDCX,CoinDCX,1,2,0.3967,0.6314,0,1
TUVmBGjh3tEKJCNP72Hng3LKTPbpjrdCLv,Bitfinex,tron,Bitfinex,Bitfinex,1,2,0.283,0.7762,0,1
TUXrxb3A2k9foPJoMEecrizLkEGateg47o,Bitget,tron,Bitget,OKX,1,2,0.0222,0.0718,0,0
TUerpJba2GqgaW9BAAczVU6zErxQLpKLjn,CoinDCX,tron_coindcx_2025,CoinDCX,,,,,,,
TUmYyWRcwm1pAY4Xt2mnWEjL6pCe3p2LSo,CoinDCX,tron_coindcx_2025,CoinDCX,CoinDCX,1,2,0.7027,0.7225,0,1
TUnCh2uNYH9dtMj8NuNFbsfwA6mDJqPHCc,KuCoin,tron,KuCoin,KuCoin,1,2,0.9987,0.8075,0,1
TUniCnnxBJjRgxuGRduBxnwVZFfzXiVRvj,Bitrue,tron,Bitrue,Bitrue,1,2,0.482,0.8075,0,1
TUsuprLPBpZ2aYySnnNt8PrEBRu6pDqjY7,KuCoin,tron,KuCoin,KuCoin,1,2,1.0,0.8075,0,1
TUtzieVpS1DyaStGbSTsFpWpsMJskmh3gb,KuCoin,tron,KuCoin,KuCoin,1,2,0.9028,0.8075,0,1
TUvuk1gVnGbooir2mhcim7mRbcUWXEVhVo,Bitget,tron,Bitget,Bitget,1,2,0.0967,0.3122,0,1
TUvuk1gVnGbooir2mhcim7mRbcUWXEVhVo,Bitget,tron,Bitget,KuCoin,2,2,0.0716,0.2312,0,0
TUxPEpB23LtbpX3nDwyQ2FEFySu733VHEU,Bitget,tron,Bitget,Bitget,1,2,0.5409,0.8075,0,1
TUyzwtbBhZWiCPNqHg5GdmFHb87vUD9Lwq,Bitfinex,tron,Bitfinex,OKX,1,3,0.0156,0.0429,0,0
TV1zaQiBfUJZV9c5swj2kKWssyQTKC6Ur6,Bitget,tron,Bitget,,,,,,,
TV8i1A4CCmu6UpxmQbG6AmimweiuuCp9GQ,CoinDCX,tron_coindcx_2025,CoinDCX,CoinDCX,1,2,1.0,0.7225,0,1
TVC29RfmPHDzzixYy547EVsPLVqJEaobsZ,OKX,tron,OKX,OKX,1,2,0.364,0.8075,0,1
TVCEYdpK6o8hBt71h82aUVbgfyyxJNMYfe,Bitget,tron,Bitget,,,,,,,
TVGs8S6FzBCemJUbUmhQJ4ZuX7MANZ8vUH,Bitget,tron,Bitget,,,,,,,
TVRDz4VFqPhRimu2eiJGJ9BcyRC64GnasS,Gate.io,tron,Gate.io,Gate.io,1,2,0.5565,0.779,0,1
TVWtoubZpz3EETkYdvycSjgyw52yaPRr43,Bitrue,tron,Bitrue,Bitrue,1,2,0.0108,0.0348,0,1
TVhPRY2u5bJUUKPGQDuEFngiRXUt9Z42LJ,OKX,tron,OKX,OKX,1,2,0.3727,0.8075,0,1
TVk6Ucs9nSAbF9bqgqLnRye6EscjNEPe2J,Bitrue,tron,Bitrue,Bitrue,1,2,0.4137,0.8075,0,1
TVne8hbaE9PXmSvsMtwcFQ4KDKcxcnRnDo,Bitget,tron,Bitget,Bitget,1,2,0.2717,0.8075,0,1
TVvE6TsZ1D1LrLJmpN4AsJDkbGvR8P6D2m,Bitrue,tron,Bitrue,Gate.io,1,2,0.0114,0.0369,0,0
TVy9XaQTkTzHdQUNGZtY3WUKPgXoeJ9qWd,Bitfinex,tron,Bitfinex,Bitfinex,1,2,0.8662,0.8075,0,1
TW8HYmCYoj1dXhjrXmHxGHYmE1B6vzeJJ7,Bitrue,tron,Bitrue,Bitrue,1,2,0.2179,0.7039,0,1
TW8HYmCYoj1dXhjrXmHxGHYmE1B6vzeJJ7,Bitrue,tron,Bitrue,Bitget,2,2,0.0145,0.0469,0,0
TWDqDFyb9s9ZVMzYPv7h9RrS2HjsX4rEge,Bitget,tron,Bitget,Bitget,1,2,0.1495,0.4829,0,1
TWLu3VBYQHNbJSe4rUERZc3F8UcXhB8Keu,KuCoin,tron,KuCoin,KuCoin,1,2,1.0,0.8075,0,1
TWQw6BKGsxcZZ7aYSG6wmPBCVAEXVmCPgN,OKX,tron,OKX,,,,,,,
TWR6nvxTNLSiVFZ1wd4cK78AP2b6zHX4DC,Bitrue,tron,Bitrue,Bitrue,1,2,0.4424,0.8075,0,1
TWWcCDNpkeVf9dyozhzisqNpwtrgKJU2iu,Bitfinex,tron,Bitfinex,Bitfinex,1,2,0.0781,0.2523,0,1
TWnRS4EeoA79JhmVAtWJF2fy33J4AajWjv,KuCoin,tron,KuCoin,KuCoin,1,2,0.1864,0.6022,0,1
TWvcy97gwKCXGhHXoKYTbPD8bJiXwgs3YT,KuCoin,tron,KuCoin,KuCoin,1,2,0.4186,0.8075,0,1
TWw8fvWoisDVFrMEbg8GJ7R6rQvMU3DBvV,KuCoin,tron,KuCoin,KuCoin,1,2,1.0,0.8075,0,1
TWxTnTcKinbgkvysds6vnTiUS6SPpeutGg,KuCoin,tron,KuCoin,KuCoin,1,2,0.0774,0.2501,0,1
TWyJH5kaXn451xry5sSvuuUQ7qE7UQfgTK,OKX,tron,OKX,OKX,1,2,0.0774,0.2501,0,1
TX5kY7kTAd5JUg1TD8PAy25dmSWc8HUhw3,CoinDCX,tron_coindcx_2025,CoinDCX,CoinDCX,1,2,0.075,0.2168,0,1
TXGMS1yn7R4sBPV6V4rndA7HeBeWTwP9TB,OKX,tron,OKX,OKX,1,2,0.0746,0.241,0,1
TXJB6v2FF6GY5h556kRYYBq1wDMrdKs1UV,Gate.io,tron,Gate.io,Gate.io,1,2,0.6082,0.8075,0,1
TXJDr1YLPJt1Hom2ReP36PjzfJEsRiLdKD,Gate.io,tron,Gate.io,Gate.io,1,2,1.0,0.8075,0,1
TXLSzYmMWunBkS4dSvgk3UkVnfWeg7CQU5,Bitget,tron,Bitget,Bitget,1,2,0.9414,0.8075,0,1
TXcxpQLp13a9qruHsFhTkqqkpiAbxfHpAw,KuCoin,tron,KuCoin,KuCoin,1,2,0.1125,0.3634,0,1
TXipf7nLzNDbnZZG7h48RmR4zUyP2AJ1RJ,Bitget,tron,Bitget,Bitget,1,2,0.7832,0.8075,0,1
TXkg1uMi5tVsMb8re3bw6NZD331NQKzZd6,Bitfinex,tron,Bitfinex,Bitfinex,1,2,0.993,0.8075,0,1
TXpo8UHFRku8bDJUhFtcrogqsb14TQSNYw,Bitget,tron,Bitget,,,,,,,
TXtNL61ogEp9MWUPKV8veJ4dS7dr5NnM8J,Bitrue,tron,Bitrue,Bitrue,1,2,0.0153,0.0495,0,1
TY7CgbY4uQ4bkyHii7Mb61sahLxbFXLoSc,Gate.io,tron,Gate.io,Gate.io,1,2,0.4761,0.7933,0,1
TY7CgbY4uQ4bkyHii7Mb61sahLxbFXLoSc,Gate.io,tron,Gate.io,OKX,2,3,0.0418,0.1147,0,0
TY7XewkPXf82NqbX9tiyhQfWurxiVsi6AM,OKX,tron,OKX,OKX,1,2,0.0296,0.0958,0,1
TYBACegyKf8rJpnVjtfqcx8CNPPtEBoEst,OKX,tron,OKX,OKX,1,2,0.0552,0.1784,0,1
TYCU5petHUZBwipLLtUbJq983emMPt7bwX,Bitfinex,tron,Bitfinex,Bitfinex,1,2,0.3606,0.8004,0,1
TYCdJKeFDkEAhpYG7zRnyHjTqwD9ybrwCb,Bitrue,tron,Bitrue,Bitrue,1,2,0.9995,0.8075,0,1
TYSDXRBvfCp3sDr2aszGGe1sUeyvQqZZzg,Bitfinex,tron,Bitfinex,Bitfinex,1,2,1.0,0.8075,0,1
TYbMCH8dckmWiK6qEwrgXS9oxhmFa1tuTy,Bitget,tron,Bitget,Bitget,1,2,0.6569,0.8075,0,1
TYeNR5ije9jwEg2TKXXsVgYYefLS5jV6t3,Bitget,tron,Bitget,,,,,,,
TYhrDTGsNLr5Q1o9qqsdWp9QhExDWdwwMW,Bitfinex,tron,Bitfinex,,,,,,,
TYk3pZwib7iURMYJ7CmQiUbDxinbptiqbM,Gate.io,tron,Gate.io,Gate.io,1,2,0.848,0.8075,0,1
TYk3pZwib7iURMYJ7CmQiUbDxinbptiqbM,Gate.io,tron,Gate.io,OKX,2,2,0.1,0.323,0,0
TYmWK8PvTZANJNt4NQoZ4rC6z5SpEr18DQ,Gate.io,tron,Gate.io,Gate.io,1,2,0.1752,0.5659,0,1
TYuULUPCkkdTe8VvZNuSVXYhguLL8HtNk5,KuCoin,tron,KuCoin,KuCoin,1,2,1.0,0.8075,0,1
TYuvzefbFCDpEAxk275dS8hjmggq6oRTGr,Bitfinex,tron,Bitfinex,Bitfinex,1,2,0.0506,0.1541,0,1
TYxVfBG5qWm1pzAM3ekUnNmibw74RTis1F,Bitget,tron,Bitget,Bitget,1,2,0.1014,0.3212,0,1
TZ3BwYd1ddgQPaFgAsC8JcZCQ9drSWd8Ld,OKX,tron,OKX,OKX,1,2,0.136,0.4392,0,1
TZ8m7KGwNfmrE57sNj2HvZLTz946MYyX2r,OKX,tron,OKX,OKX,1,2,1.0,0.8075,0,1
TZF1ZMecieaCmtDPtcvRWrJA1CvkMQQi3q,Gate.io,tron,Gate.io,OKX,1,2,0.127,0.4102,0,0
TZF1ZMecieaCmtDPtcvRWrJA1CvkMQQi3q,Gate.io,tron,Gate.io,Gate.io,2,2,0.0179,0.0579,0,1
TZFWRi4C9MouoYcmu4Aa78SLzkkZSS3wdU,Bitfinex,tron,Bitfinex,Bitfinex,1,2,0.2267,0.7321,0,1
TZFvLqBFcWmEeLXo2UhBuA6eEw8zne1cwo,Bitfinex,tron,Bitfinex,Bitfinex,1,2,0.1177,0.3802,0,1
TZG82RBZWGWq7nVVnVy2GHD9UHWpCFZqYn,KuCoin,tron,KuCoin,KuCoin,1,2,1.0,0.8075,0,1
