exchange,paid,kind,tier,wallet,tx,since,asset,amount
Bitget,0x14b5f559c27bc00c39f668a88471498d68d18768,reserve,published_por,0xa44574877f9fd01d8d3b36a671e99f6a22c9738e,0xa3c3b6bc7efbe93e9d5102fae0c72fd4421d914a596021589aeae27327741845,2023-03-22T08:02:12+00:00,USDT,9999.710000000000000000
Bitget,0xe7b3b0a59b026ec1fef16561daf93672a61bafec,reserve,published_por,0x1eaa398bf6ec9e558305614331e19442bcfab91c,0x672e6ef1e81f732219c51c084ba279dfb9f1d92fa9e95929c58e5975f8f0da07,2023-05-08T14:17:39+00:00,USDT,2628.590000000000000000
Bitget,0xe4786cfe980ef5a6428a2fffafabf24f1fc79b64,reserve,published_por,0x8840c6252e2e86e545defb6da98b2a0e26d8c1ba,0x3ffd4c986186dea9ec9402dbfee7470178bcedb1e3ca420f48bb09e6edd8382d,2022-09-15T07:46:18+00:00,USDT,29.428957606415342432
Bitget,0x97b9d2102a9a65a26e1ee82d59e42d1b73b68689,reserve,published_por,0x4a72dd6bf31298f9a65479471eb7e32aae3051ac,0x017d3a74a05f656a8128e74b9c2c0e6031a271083adb82c1dc103ec68890148c,2022-09-07T21:21:37+00:00,USDT,1448.902867480000000000
Bitget,0xac65bdf867103ae2c3a75cdd4b68f9d7178c604f,reserve,published_por,0x19e870855cb8fd8f6689743d3c28311c0d62a24c,0x221c0d072af18fd253fdbf2ddc20d4fdd1285fa57b25b733635d306f23efa4ea,2022-09-15T07:40:03+00:00,USDT,30.719441152837348059
Bitget,0x1ab4973a48dc892cd9971ece8e01dcc7688f8f23,reserve,published_por,0x0ad1e206132e1d5deb75f5d070c00cfaba034273,0x8f7567310ff1efa09b9d1f78700c38127dba3fafeb1fcbb78d42f1560005d3a0,2024-01-08T14:31:11+00:00,USDC,150.000000000000000000
Bitget,0x0639556f03714a74a5feeaf5736a4a64ff70d206,reserve,published_por,0xfc0fe92b30f59b9704d61e296df086b2042941cb,0xbcd12472a322fd7764a6f186879c9da1b2c1e9e5f4224ab4b1d428fd915256ba,2021-05-03T07:51:42+00:00,USDT,110.000000000000000000
Bitget,0x14b5f559c27bc00c39f668a88471498d68d18768,reserve,published_por,0x2397a32600bad135498d75b88bba47ff11fd0a70,0x87e45ccac87ccce0f370f17d8c3143d5e9e6975e327685398282958088057121,2025-08-13T11:43:08+00:00,USDT,36.210000000000000000
Bitget,0xe7b3b0a59b026ec1fef16561daf93672a61bafec,reserve,published_por,0x69f3f0efd35b5ccbddf7925bd0eb74a7f5a04ef7,0xdee17e139869d9e52dd61d33ab7346ff71ee9f353a1d58dab094264943b63ef9,2023-05-04T01:44:39+00:00,USDT,499.710000000000000000
Bitget,0x97b9d2102a9a65a26e1ee82d59e42d1b73b68689,reserve,published_por,0x67aff121823647ea34ff36c2a45d83e2324636fa,0x35d6eefe3bb383c82d735ecce924cd6026ec2b00a07f4549b2d7122487efcc59,2022-09-08T03:02:07+00:00,USDT,1280.550000000000000000
Bitget,0x1ab4973a48dc892cd9971ece8e01dcc7688f8f23,reserve,published_por,0x29b0b64e24cffee5e93cfff22695134bc32969c0,0xa90829e5cff1677ffdd55177bc910c23ef4db9d2a746761cc4c07fedda8d40f6,2024-01-08T09:07:07+00:00,USDC,650.060139000000000000
Bitget,0x0639556f03714a74a5feeaf5736a4a64ff70d206,reserve,published_por,0x1a206693fea5705f56ac80d0c3f23c60550a58c8,0x0e885f7a417ac409a5a94e18eea4b65a0586ae95cf01782b220d309f088e86a1,2021-05-03T07:36:07+00:00,USDT,3000.000000000000000000
Binance,0xbd612a3f30dca67bf60a39fd0d35e39b7ab80774,hot,explorer_tag,0x87bafac12c08aed261e47fa80622beb66d663bfa,0xfaa4a445d0dc4b098b6e529d864e2a15bd24fe2fcf86387a251ad22821e10376,2021-08-31T01:40:00+00:00,USDT,10.200000000000000000
Binance,0x29bdfbf7d27462a2d115748ace2bd71a2646946c,hot,explorer_tag,0xfd19bde0703c2f64cf619718140c1962e77e5029,0xeed7ff64435624f4193979c39e3ab93562f53dcc1cebd8cc90e01f7962a9adcb,2022-01-15T03:04:01+00:00,USDT,1550.834310323001056907
Binance,0xf977814e90da44bfa03b6295a0616a897441acec,hot,explorer_tag,0xbe0eb53f46cd790cd13851d5eff43d12404d33e8,0xea9c1355e9eb8d8467c233d6e9a5d5ff29748c4e8be8e70ac62817c0569274ed,2020-10-26T14:09:04+00:00,USDC,1103989.152111108479148781
Binance,0x515b72ed8a97f42c568d6a143232775018f133c8,hot,explorer_tag,0x393d5a5ffe114f05a1808a27e87ef20d7ccab966,0x90dcccc721bd3471e15fe8dcf58e303b8818dfb2851ba4c12b7c1a6446b54f9c,2021-07-11T11:00:09+00:00,USDT,10.000000000000000000
Binance,0x73f5ebe90f27b46ea12e5795d16c4b408b19cc6f,hot,explorer_tag,0xe21c541d55f1cfa9f2ef6189666493ee5420842d,0x337fa33d9b70031d7fac26457e23ebba35ef4af9a230192f2895cbfcda7a878d,2021-11-14T20:37:42+00:00,USDT,10.000000000000000000
Binance,0x1fbe2acee135d991592f167ac371f3dd893a508b,hot,explorer_tag,0x72bcaca67fb835f15fcca710ebe7436c4144d465,0x19e41cb811a21d90ec49a8e06e616ae422b723abf1213c2c88b77ccd1a9208e2,2021-12-18T22:00:57+00:00,USDT,20.000000000000000000
Binance,0x17b692ae403a8ff3a3b2ed7676cf194310dde9af,hot,explorer_tag,0xfccdf8a4ff86be0831aa53be52eafe83be172525,0x82cdc19a81886c18090d9c11204adefb6efbcec92d72fd32748a7e12d5adf1ae,2021-05-11T15:29:46+00:00,USDT,100.000000000000000000
Binance,0x3c783c21a0383057d128bae431894a5c19f9cf06,hot,explorer_tag,0x4c6268c60e733e7797683253b5f3b111b5e68bb6,0x788cef90840c4150f4cfd0ba62e0dc354306ea5bd5f7de42aa652955d451afa8,2021-07-28T00:21:27+00:00,USDT,145.132424422469950548
Binance,0xeb2d2f1b8c558a40207669291fda468e50c8a0bb,hot,explorer_tag,0x32a42f29d019af7a32b7491d09d376c964bbd763,0x87e9bd67e33d0b9d2132c1cac32e3657bf77b75459dde4d13334afa27b1b1426,2021-08-20T15:20:49+00:00,USDT,168.155529406741405070
Binance,0xad9ffffd4573b642959d3b854027735579555cbc,hot,explorer_tag,0x3d27788cd2cbbe1e6dc435dea2f20eefe60f6d57,0xc543ff375d16359b27302d369c71c179edfdb7faac3391c30028e185e7d04d15,2021-05-13T15:43:18+00:00,USDT,199.600000000000000000
Binance,0x631fc1ea2270e98fbd9d92658ece0f5a269aa161,hot,explorer_tag,0xf06b404e9c8ab8ae3e660e2e0af8c053363538b5,0x2934a20b2642deae3ef6da29bc5f8d0b389fe28761c9b653d2339fefdeab044d,2020-09-10T05:00:07+00:00,USDT,15000000.000000000000000000
Binance,0xdccf3b77da55107280bd850ea519df3705d1a75a,hot,explorer_tag,0xea238bcc8f270d8afd9f78c90a2a2c591c0a412c,0xfc40cd8819931db6a8da0b22eb789fee597978d698e1297bb8f130ca5bfd931d,2021-07-05T19:18:20+00:00,USDT,19.759210000000000000
KuCoin,0xd6216fc19db775df9774a6e33526131da7d19a2c,reserve,published_por,0x4cf8800ccc0a56396f77b1e7c46160f5df0e09a5,0x7fc65ff403440b865fe84bcac4757c591917e62b584c9c6936a3ae96ec9b5792,2021-05-31T02:38:57+00:00,USDT,2000000.000000000000000000
KuCoin,0xf8ba3ec49212ca45325a2335a8ab1279770df6c0,reserve,published_por,0x30f905a0b96319b47c2659f0b33f6eca1b4867af,0x93549ccab21935b7715dc0988d964c6e7c8b8439929946f3ae4fe60dfb810f94,2021-12-30T02:24:40+00:00,USDT,441.803442000000000000
KuCoin,0xf8ba3ec49212ca45325a2335a8ab1279770df6c0,reserve,published_por,0x761dc372773a33b2f4bb7b15d331bdd844cb1c10,0x66140fcd4d195de7b3956b332f9242994aa1efc1e22a9616ecee9c4ffbc91094,2021-12-30T02:25:40+00:00,USDT,2378.935110265369574018
KuCoin,0xf8ba3ec49212ca45325a2335a8ab1279770df6c0,reserve,published_por,0xc1c1bc36446144a29425cbdd57a930bd809afec1,0x3c5ec38290036a7f600f925a0389a28f35a07d233652c5e36050ca6670b325cf,2021-12-30T02:26:10+00:00,USDT,244.823646464245706236
KuCoin,0xf8ba3ec49212ca45325a2335a8ab1279770df6c0,reserve,published_por,0x18f9d3f4b1454bfc64186b6e78143828091d77f2,0x43796bbc83ddcced70c5d4dd98fa7a745ecbf711083c732ba4c14aeef204c117,2021-12-30T02:25:10+00:00,USDT,3231.307151742335084440
KuCoin,0xf8ba3ec49212ca45325a2335a8ab1279770df6c0,reserve,published_por,0xa7d85be1d6fe9a19c0f6d8b90403b6124741b477,0x0ea39b4769f61de00dfe8886550ffebd846c73046624fd12e6a433310e3b840a,2021-12-30T02:25:40+00:00,USDT,1797.833109780000000000
KuCoin,0xf8ba3ec49212ca45325a2335a8ab1279770df6c0,reserve,published_por,0x7ad85081fc47e90d11572868a213b967ac1a5bbf,0x23ed5ecd9dc51c1cd461d35ebcd82f0f42ac8be6459db1c5cc3357aaf6101adc,2021-12-30T02:26:40+00:00,USDT,845.621913499459525413
KuCoin,0xf8ba3ec49212ca45325a2335a8ab1279770df6c0,reserve,published_por,0x37d49e7d95038e7a4579fa2a9857cf41e0e5c0c0,0x7b1af01c38fa5e64ab92b1653d5012a23494c1f9e9a1e64dca7b9707f7459d70,2021-12-30T02:25:40+00:00,USDT,503.400000000000000000
KuCoin,0xf8ba3ec49212ca45325a2335a8ab1279770df6c0,reserve,published_por,0xea9d49bf61308f7d1a1a2cd5518d36d55e68d340,0x622f3bc0718c9f10c8e7650c6eae9cdb0d164a8a2a6b71e81d70ce566c091d1a,2021-12-30T02:25:10+00:00,USDT,490.425000000000000000
KuCoin,0xf8ba3ec49212ca45325a2335a8ab1279770df6c0,reserve,published_por,0x754d5f79330ad6ab2380859c650c1c6c3aab8865,0xa35740ffce7dc26948e1216fba4f90328c5753e84186c47f1a01949418a2458b,2021-12-30T02:25:40+00:00,USDT,2069.238394380899281818
KuCoin,0xf8ba3ec49212ca45325a2335a8ab1279770df6c0,reserve,published_por,0x3ebdb27a743aaf68407e911dc349d19f0567eece,0xbb3b4093357a8da1390880b27d67f66a72b448b34dcfb3e01f6e7844e8d9d3aa,2021-12-30T02:25:40+00:00,USDT,735.802000000000000000
KuCoin,0xf8ba3ec49212ca45325a2335a8ab1279770df6c0,reserve,published_por,0xb0169440c5e5789099fc41a9fef23e7a212c414a,0x615201c40e37782b46535ccfcf00e6cad0e9a1d87ccb812a41c34e97700dbebd,2021-12-30T02:25:40+00:00,USDT,1649.549697500000000000
MaskEX,0xa310b3eeca53b9c115af529faf92bb5ca4b41494,unknown,explorer_tag,0x09cb618bf5ef305fadfd2c8fc0c26eecf8c6d5fd,0xd7db1a9790c2960295b0ffdd5156b1e4a61f861212b936217299e044b2fc231b,2021-06-28T10:45:07+00:00,USDT,4047.167459951758277847
MaskEX,0xc6acb77befebff0359cc581973859eee8cbaeda1,unknown,explorer_tag,0xe15dff9d94a596f320869ce056129d849c245794,0xef76e04d596403ed7960f4bf0022a646c5b5edb2f369eac4924262f4c75ddfb1,2022-08-25T16:07:52+00:00,USDT,821.000000000000000000
MaskEX,0x8458c828d602230e92eb0aac5a6aed5580011b6a,unknown,explorer_tag,0xa56546c5fd182ec26311ac9a8ca5c3c70f6edf96,0xeca16f73ad73720fc0b740ce05458b9f5dcd65bef7ca5e4ab075bb5cdaf99555,2022-07-17T14:51:55+00:00,USDT,300.000000000000000000
MaskEX,0xd666ad8d95903bce9b4dcd2cacde5145e36405c2,unknown,explorer_tag,0xcd9782e1698ee5a411cd911708a3ca182212cbb4,0x77af8c2a8c03cd221bb0334d5748989ae63754eb33422a6b567283b4fc556f6d,2022-08-25T16:08:04+00:00,USDT,296.980747530000000000
MaskEX,0x3dd878a95dcaef2800cd57bb065b5e8f2f438131,unknown,explorer_tag,0xe5c736e0578acc301389c165869c2e4f8613579b,0xa5a1d173754743557e42d83531a0eb0258ffa0f2d4bdf70d3295b2cb2f457388,2022-03-14T04:26:17+00:00,USDT,643.200000000000000000
MaskEX,0x46c75fc52e0263946f8f1a75a95c23a767d2f26e,unknown,explorer_tag,0x2092ee49084dd7fc171c65a571310ccd2f8a7575,0x797c91bd7d02fe15ed8f67e79b6ebe947cefef92a9695198fd6b00eb51f7d10d,2022-03-09T02:19:09+00:00,USDT,101.000000000000000000
MaskEX,0x1349907c197731c5ed98d8442309a15107cb6bad,unknown,explorer_tag,0x6b9f52b51c358c46983cd8a0d66cdd674a31c789,0xbb29596a9abf9ff018ee70dc327cc08be5eb0adbb2d86f09c173522bb931add8,2022-04-20T07:20:14+00:00,USDT,1072.900000000000000000
MaskEX,0xd7aed730a7c4cf8dfe313b16712af3406f6dca5b,unknown,explorer_tag,0xedca4b8cd5f752fbd464fb3b531070e8f107052c,0x444ee664ee2a7a392820704ad0edd0d165c7e75a7f7bffb52b8cb70aee40af72,2022-03-21T14:14:17+00:00,USDT,995.000000000000000000
MaskEX,0x6e2673095545280f6f10e22eb861a555c6e94bec,unknown,explorer_tag,0x162da3596085db7d5538f64d1f034314a10b569a,0x0d23fb3b7767fc43392267267047afe972d93e45b73efa83accf970bfae2525f,2022-01-28T07:08:29+00:00,USDT,52.000000000000000000
MaskEX,0x2161217d22fac0188775432f8ba32f1d4272dd19,unknown,explorer_tag,0xc94ba6660451fd62b824690236036bd589f1bd68,0xb3d0ccd08761c2f85ebbdb750d12a4516c555f1c079cb196ead08970c3f93213,2022-08-31T11:16:56+00:00,USDT,3097.000000000000000000
MaskEX,0xa4e71851a8c8eaefeb20a994159f4a443e46059b,unknown,explorer_tag,0xa27891ed41e9a99a19f204b39192434c25e7e6e2,0x342672e0ee345dedd6f6669a10bbf5fed8e8d124cc9ac47436943555026f059f,2021-10-19T13:25:10+00:00,USDT,999969.000000000000000000
MaskEX,0x84457412efe8b3a05583cb496e1d2c03e6f36155,unknown,explorer_tag,0xc473b1407d4fde4331f002e2cafc30d364c9254b,0xd37e5b4836d063b2b63439de0612d6bc61eeb14ad3c4258a3522f394012bf1d1,2022-05-19T06:22:28+00:00,USDT,541.700000000000000000
Gate.io,0x1c4b70a3968436b9a0a9cf5205c787eb81bb558c,reserve,published_por,0x66b260b4f7d6fae52ac43458284a6d0abcfe5996,0x86238857e1d240cfd3b8ee200303916c79fa28d59f8d21ea27ae6a32ac9bda6b,2021-05-14T06:54:14+00:00,USDT,36999.200000000000000000
Gate.io,0xf379a3d1ab6625eef34347d054cfaeafdf8f24a7,reserve,published_por,0x3c49cd8400ef2ff582bf75d5ca4dbcbb27d5dcef,0x9b39e1d0f115a3db7070cd360172865edd9667b73abb17a3c0064e3256a17626,2026-04-06T00:44:00+00:00,USDT,113488.970000000000000000
Gate.io,0x1c4b70a3968436b9a0a9cf5205c787eb81bb558c,reserve,published_por,0xb5e8873c5cc16f2da80993a3d370f4e6840fd188,0x0d01beecf844b80b0d16ebd8cc9addbd848de143ce2dcb0251cba320561d834d,2021-05-14T06:54:11+00:00,USDT,37227.911458787996992032
Gate.io,0xf379a3d1ab6625eef34347d054cfaeafdf8f24a7,reserve,published_por,0x4171a9f43de71348ea143291c9d43ff277abe647,0x9af15fdddaa1735176542c84a715a6c581c2ff78bd8f06a9359e61e3943b7e15,2026-04-06T00:44:28+00:00,USDT,50000.200000000000000000
Gate.io,0x1c4b70a3968436b9a0a9cf5205c787eb81bb558c,reserve,published_por,0xe0747eac52cad112ff276a265e2086b2f24b299e,0xeb98e79a7312867d26a360525ba5a08d59b4212c9d76da5c21e8e803e6d16f6a,2021-05-14T06:55:35+00:00,USDT,24196.176623000000000000
Gate.io,0xf379a3d1ab6625eef34347d054cfaeafdf8f24a7,reserve,published_por,0x5ec38bdc1518b45214594425f62981ae7c24a8f4,0x15c0aa7675b9a4972ce5a9a930a8f5f25900345a3f5ca7437fa03b3a48189f02,2026-04-06T00:44:51+00:00,USDT,40029.900000000000000000
Gate.io,0x1c4b70a3968436b9a0a9cf5205c787eb81bb558c,reserve,published_por,0x34d34624ce95a53df37505015b4697af1ddc7478,0x80460f33962748c97a31b7d4c93364e76e1d144532135e22eabadc83e5c2db56,2021-05-14T06:56:35+00:00,USDT,20000.000000000000000000
Gate.io,0xf379a3d1ab6625eef34347d054cfaeafdf8f24a7,reserve,published_por,0x4cc947873cb1a4a23c97e2dc14bc2d8fc9f84016,0xb1ab874d386f81fce1c89d0c56f53cec913bb308881a7b22a3df9782aa6007a5,2026-04-06T00:44:39+00:00,USDT,43638.349081330973717102
Gate.io,0x1c4b70a3968436b9a0a9cf5205c787eb81bb558c,reserve,published_por,0xbe78c0b27c7bc7c85e4dc12fa06dde633ab7d780,0x0b34bb2ec2efe6c9548ea07112687226a3284e559bc54454ed03573e37348d35,2021-05-14T06:56:20+00:00,USDT,20049.800000000000000000
Gate.io,0xf379a3d1ab6625eef34347d054cfaeafdf8f24a7,reserve,published_por,0x89820fd03a69129fa71dbecd7dd59b207b4e9389,0x8ac83fc16faf90b76ca617f4b2ba2b096a195a8c13245292c0de788ce5278262,2026-04-06T00:44:38+00:00,USDT,43999.990000000000000000
Gate.io,0x1c4b70a3968436b9a0a9cf5205c787eb81bb558c,reserve,published_por,0x60f214070abaa8950676f3277ff0c48a1b10d24a,0x08db4de777a34f23986b685956402f28a9d66411fb7dcb58d9be0dd740289b0d,2021-05-14T06:56:14+00:00,USDT,20064.000000000000000000
Gate.io,0xf379a3d1ab6625eef34347d054cfaeafdf8f24a7,reserve,published_por,0x67957c788c7ad32e2db02d63f133b20fc3f6dd0e,0xee1515485c35fcbe3be862933978cc18075cbd9cecd0eae4d3c5f9278f1751e5,2026-04-06T00:43:58+00:00,USDT,259341.494194194194197000
HTX,0xdd3cb5c974601bc3974d908ea4a86020f9999e0c,reserve,published_por,0xf4beab5aaccb96385bb39376154cd640c701c5a2,0x30d1d2f458bd04a0767bf552e3d5dc68d188cbea1db1969e83130ebf285c24c3,2023-12-02T12:51:07+00:00,USDT,168.000000000000000000
HTX,0xefdca55e4bce6c1d535cb2d0687b5567eef2ae83,unknown,explorer_tag,0x4a887894072ee50ad8b1f30ae1f32d5b29514b4b,0x47a05883d1bdcf6b74ed6a529e18369a0a75a1e48360a6e92515449e35786649,2021-04-01T08:19:42+00:00,USDT,15.000000000000000000
HTX,0x18709e89bd403f470088abdacebe86cc60dda12e,reserve,published_por,0x89086bd84d27af8147698a9fe5bf5ac510764480,0x80ca820ffc247c7e05a983a9427179555df94a014cf423179eb8c5a99a851c07,2022-10-12T07:37:48+00:00,USDT,70349284.661777700000000000
HTX,0xdd3cb5c974601bc3974d908ea4a86020f9999e0c,reserve,published_por,0x908b892cf7a2876848ba17a663723499fadab799,0xabf823bcf806ed66ab44ba5485aa6456cb6fbf8938b2782c900c14c2e10511a8,2023-12-02T12:51:07+00:00,USDT,10000.000000000000000000
HTX,0xefdca55e4bce6c1d535cb2d0687b5567eef2ae83,unknown,explorer_tag,0xd1a9d11f8921d63413ec8bc169a430353e4b93bf,0x9f51c6a4f4e5fb9f41f55e4999fa8c963f31535cb5fa9795cbca0f29afa6efe8,2021-04-01T10:26:43+00:00,USDT,13.000000000000000000
HTX,0x18709e89bd403f470088abdacebe86cc60dda12e,reserve,published_por,0x1dfeff70fbcc5949b29faf52196f0711e4915b2c,0x97abf16062194e977582eeb46c29d8ee57ccaa1de347c6c0c069def82e7656b5,2024-04-03T04:21:13+00:00,USDT,337.200000000000000000
HTX,0xdd3cb5c974601bc3974d908ea4a86020f9999e0c,reserve,published_por,0xaf67b3bfa530b896f928c2cbb400fbe82d424a70,0xc89f2f18f291d9fe8c4299dcc9619cc3bbdaeb3301d93a69de934e700ea0d27d,2023-12-02T12:51:19+00:00,USDC,229.820000000000000000
HTX,0xefdca55e4bce6c1d535cb2d0687b5567eef2ae83,unknown,explorer_tag,0x55361d2421b9f516120cd144b14f5606a401fc80,0xec6c7c9fd7c73e671dd2ade9a2e0063208a13568b03cac950d8204d2c1b7c3f2,2021-04-01T10:13:31+00:00,USDT,196.814023940000000000
HTX,0x18709e89bd403f470088abdacebe86cc60dda12e,reserve,published_por,0x0e4e219315435392674d4063ce880fb7d67d2c55,0x47aa72b9cd5d1578559ad089308752467ba2ba100ff3c56a4271b684b2561bfd,2023-11-23T12:04:33+00:00,USDT,16.371935100945379654
HTX,0xdd3cb5c974601bc3974d908ea4a86020f9999e0c,reserve,published_por,0x1dd2f3595377db30fd0de284a6fe9618cf4ac684,0xd84d56ca33f8b169628793f05155a169e4ea8619aa2a45f65d8ad6399a93a349,2023-12-02T12:51:07+00:00,USDT,860.000000000000000000
HTX,0xefdca55e4bce6c1d535cb2d0687b5567eef2ae83,unknown,explorer_tag,0xd202dd30921a95eef92d83b265af691b74a2b946,0xe6a87c645fe366de6b1f131f90a9fada4ddb66e7ba62957f1338ca4a722599ac,2021-03-31T02:07:44+00:00,USDT,19.200000000000000000
HTX,0xdd3cb5c974601bc3974d908ea4a86020f9999e0c,reserve,published_por,0x006347e2ef69a7da2faa6593e7287d5116d8bb88,0x49007c684ba4d5d4c89ef62dda24be99982c113deb1844085f73b88ab2df3f13,2023-12-02T12:49:28+00:00,USDT,226.194755670000000000
CoinDCX,0x660e3bd3bcda11538fa331282666f1d001b87a42,unknown,explorer_tag,0x82176d4b8713adefa449bc446f3314484c0197d0,0x5075f049328bbef802288001f9cf84753b0ba0c9968765bea74e33b962c74b59,2023-03-23T16:06:18+00:00,USDT,23.872280212507385057
CoinDCX,0xf379fcd9c996d85de025985ba9b1c9c96daa4a72,unknown,explorer_tag,0xd43dec662060a0a089d7fe3f476746676284fa0c,0xa7e17a3b1305cb85bf5f6022744ab7dbfc6d01d7d2254afc72a6223bc18b58fc,2022-10-27T10:24:41+00:00,USDT,200.000000000000000000
CoinDCX,0x660e3bd3bcda11538fa331282666f1d001b87a42,unknown,explorer_tag,0x75bd89dc9d5b4e70ed7274d2d06d88969aec7b07,0x6f72da8dfc0d9e39ecd061ce9ff5c0a547282e0357b4d337e81538e880caa934,2023-03-22T17:53:01+00:00,USDT,14.859824502759394395
CoinDCX,0xf379fcd9c996d85de025985ba9b1c9c96daa4a72,unknown,explorer_tag,0xb20cb63d912ced32f4a571a4d6fa1c5aa1c443ea,0x52de14029f298a7630538e85c6781321025afd0aa4e3fd859e3cb773755ee5f4,2022-11-10T13:23:47+00:00,USDT,120.759000000000000000
CoinDCX,0x660e3bd3bcda11538fa331282666f1d001b87a42,unknown,explorer_tag,0xda4e80ddf847bba60f9fe82a08cd0a0c1b98d5a4,0xe9dcdb491accb4c53ed6dacddb2d531672c4864da5305c9c685bbfbaaf223d7c,2023-03-23T09:42:42+00:00,USDT,13.739636015341320598
CoinDCX,0xf379fcd9c996d85de025985ba9b1c9c96daa4a72,unknown,explorer_tag,0xb81a57211a2d4e8faa6f6c3a1302af82d9fedb67,0x4fcc0159dcb2b6c145dfefc6ce627dcf43fb780df696c9f134b0fb9ae2cfa3d5,2022-11-30T12:11:04+00:00,USDT,14.282522264821911681
CoinDCX,0x660e3bd3bcda11538fa331282666f1d001b87a42,unknown,explorer_tag,0x60a370c7409859ec8c0263af1974b559168e5cbe,0x69870bba305bec16ca7001f2ead0290e5afbc0dbd6f6d7a7445cc2778bd33973,2023-03-23T08:40:26+00:00,USDT,10.000000000000000000
CoinDCX,0xf379fcd9c996d85de025985ba9b1c9c96daa4a72,unknown,explorer_tag,0x3689ad1115912ad00a28aca7d260a8a32c8c1186,0x9cfbc54b84d0f65b3ba29e9708a65af8ccee86605121ddfa23331f2c69ce0de0,2022-10-06T12:34:37+00:00,USDT,10.000000000000000000
CoinDCX,0x660e3bd3bcda11538fa331282666f1d001b87a42,unknown,explorer_tag,0x4929b6b914416180da0857a9d8973b5eae4600a6,0x5e15ffc34789e0c427bd1e8f37163f4592a4c64c8221e0f5b52d955a7ce89416,2023-03-23T14:10:29+00:00,USDT,15.043651251902380375
CoinDCX,0xf379fcd9c996d85de025985ba9b1c9c96daa4a72,unknown,explorer_tag,0x2ef1c43fc12f64d8975d3b8210b82dd38d937ec3,0x7dc9f0d3b060d9c1bf2bf85a8784faca744cb5cf4104efd523b4914be52472d7,2022-11-16T04:37:19+00:00,USDT,56.890221357931040000
CoinDCX,0x660e3bd3bcda11538fa331282666f1d001b87a42,unknown,explorer_tag,0xed9d4ab5062f76c5c3f3dd7ad4246268cc6a1b96,0x3da9835ddb6d9a8f62fada83beae69973d72a87b1104ac048e566d6514ca14bf,2023-03-22T08:59:38+00:00,USDT,15.340836020714566293
CoinDCX,0xf379fcd9c996d85de025985ba9b1c9c96daa4a72,unknown,explorer_tag,0xfdb96ccb4e417e5d2338148f500898b0fc3597db,0x1e1ef0acca11d021f3871e87a0e72daf649a737608c950414649a8b3a9e86a6b,2022-11-13T23:03:28+00:00,USDT,100.000000000000000000
