wallet,exchange,paid,since,known,hidden,asset,outcome,named,right,hops,confidence,share,base_named,base_right,base_hops,base_confidence,candidates,stopped,error,seconds,requests
0x006347e2ef69a7da2faa6593e7287d5116d8bb88,HTX,0xdd3cb5c974601bc3974d908ea4a86020f9999e0c,2023-12-02T12:49:28+00:00,HTX,1,USDT,INSUFFICIENT_EVIDENCE,,,,,,,,,,0,truncated=1.00,,14.9,11
0x09cb618bf5ef305fadfd2c8fc0c26eecf8c6d5fd,MaskEX,0xa310b3eeca53b9c115af529faf92bb5ca4b41494,2021-06-28T10:45:07+00:00,MaskEX,1,USDT,INSUFFICIENT_EVIDENCE,,,,,,Binance,0,3,0.1038,1,returned=0.88|labelled=0.05|small=0.04|truncated=0.03|depth_limit=0.01,,71.32,68
0x0ad1e206132e1d5deb75f5d070c00cfaba034273,Bitget,0x1ab4973a48dc892cd9971ece8e01dcc7688f8f23,2024-01-08T14:31:11+00:00,Bitget,1,USDC,INSUFFICIENT_EVIDENCE,,,,,,,,,,0,hub=1.00,,9.62,11
0x0e4e219315435392674d4063ce880fb7d67d2c55,HTX,0x18709e89bd403f470088abdacebe86cc60dda12e,2023-11-23T12:04:33+00:00,HTX,2,USDT,INSUFFICIENT_EVIDENCE,,,,,,,,,,0,truncated=1.00,,21.42,16
0x162da3596085db7d5538f64d1f034314a10b569a,MaskEX,0x6e2673095545280f6f10e22eb861a555c6e94bec,2022-01-28T07:08:29+00:00,MaskEX,1,USDT,INSUFFICIENT_EVIDENCE,,,,,,,,,,0,hub=1.00,,6.31,11
0x18f9d3f4b1454bfc64186b6e78143828091d77f2,KuCoin,0xf8ba3ec49212ca45325a2335a8ab1279770df6c0,2021-12-30T02:25:10+00:00,KuCoin,1,USDT,INSUFFICIENT_EVIDENCE,,,,,,,,,,0,truncated=1.00,,5.86,11
0x19e870855cb8fd8f6689743d3c28311c0d62a24c,Bitget,0xac65bdf867103ae2c3a75cdd4b68f9d7178c604f,2022-09-15T07:40:03+00:00,Bitget,1,USDT,INSUFFICIENT_EVIDENCE,,,,,,Binance,0,3,0.0232,1,hub=0.57|truncated=0.30|small=0.08|depth_limit=0.04|labelled=0.01,,114.76,95
0x1a206693fea5705f56ac80d0c3f23c60550a58c8,Bitget,0x0639556f03714a74a5feeaf5736a4a64ff70d206,2021-05-03T07:36:07+00:00,Bitget,1,USDT,INSUFFICIENT_EVIDENCE,,,,,,,,,,0,hub=1.00,,3.35,8
0x1dd2f3595377db30fd0de284a6fe9618cf4ac684,HTX,0xdd3cb5c974601bc3974d908ea4a86020f9999e0c,2023-12-02T12:51:07+00:00,HTX,1,USDT,INSUFFICIENT_EVIDENCE,,,,,,,,,,0,truncated=1.00,,17.37,11
0x1dfeff70fbcc5949b29faf52196f0711e4915b2c,HTX,0x18709e89bd403f470088abdacebe86cc60dda12e,2024-04-03T04:21:13+00:00,HTX,1,USDT,INSUFFICIENT_EVIDENCE,,,,,,Binance,0,2,0.5714,4,labelled=0.33|depth_limit=0.29|hub=0.19|small=0.17|truncated=0.01,,192.65,110
0x1eaa398bf6ec9e558305614331e19442bcfab91c,Bitget,0xe7b3b0a59b026ec1fef16561daf93672a61bafec,2023-05-08T14:17:39+00:00,Bitget,1,USDT,INSUFFICIENT_EVIDENCE,,,,,,mexc.com,0,3,0.4502,2,truncated=0.59|labelled=0.39|small=0.02,,7.83,11
0x2092ee49084dd7fc171c65a571310ccd2f8a7575,MaskEX,0x46c75fc52e0263946f8f1a75a95c23a767d2f26e,2022-03-09T02:19:09+00:00,MaskEX,1,USDT,INSUFFICIENT_EVIDENCE,,,,,,,,,,0,hub=1.00,,11.02,10
0x2397a32600bad135498d75b88bba47ff11fd0a70,Bitget,0x14b5f559c27bc00c39f668a88471498d68d18768,2025-08-13T11:43:08+00:00,Bitget,1,USDT,ATTRIBUTED,Bitget,1,2,0.8075,1.0,Bitget,1,2,0.8075,1,labelled=1.00,,18.25,7
0x29b0b64e24cffee5e93cfff22695134bc32969c0,Bitget,0x1ab4973a48dc892cd9971ece8e01dcc7688f8f23,2024-01-08T09:07:07+00:00,Bitget,1,USDC,INSUFFICIENT_EVIDENCE,,,,,,,,,,0,depth_limit=1.00,,13.47,11
0x2ef1c43fc12f64d8975d3b8210b82dd38d937ec3,CoinDCX,0xf379fcd9c996d85de025985ba9b1c9c96daa4a72,2022-11-16T04:37:19+00:00,CoinDCX,1,USDT,INSUFFICIENT_EVIDENCE,,,,,,,,,,0,hub=0.58|depth_limit=0.39|returned=0.02|small=0.01,,69.62,57
0x30f905a0b96319b47c2659f0b33f6eca1b4867af,KuCoin,0xf8ba3ec49212ca45325a2335a8ab1279770df6c0,2021-12-30T02:24:40+00:00,KuCoin,2,USDT,INSUFFICIENT_EVIDENCE,,,,,,,,,,0,truncated=1.00,,12.11,16
0x32a42f29d019af7a32b7491d09d376c964bbd763,Binance,0xeb2d2f1b8c558a40207669291fda468e50c8a0bb,2021-08-20T15:20:49+00:00,Binance,1,USDT,INSUFFICIENT_EVIDENCE,,,,,,,,,,0,hub=1.00,,10.84,11
0x34d34624ce95a53df37505015b4697af1ddc7478,Gate.io,0x1c4b70a3968436b9a0a9cf5205c787eb81bb558c,2021-05-14T06:56:35+00:00,Gate.io,2,USDT,INSUFFICIENT_EVIDENCE,,,,,,,,,,0,hub=1.00,,12.57,16
0x3689ad1115912ad00a28aca7d260a8a32c8c1186,CoinDCX,0xf379fcd9c996d85de025985ba9b1c9c96daa4a72,2022-10-06T12:34:37+00:00,CoinDCX,1,USDT,INSUFFICIENT_EVIDENCE,,,,,,,,,,0,hub=0.68|truncated=0.32,,38.72,19
0x37d49e7d95038e7a4579fa2a9857cf41e0e5c0c0,KuCoin,0xf8ba3ec49212ca45325a2335a8ab1279770df6c0,2021-12-30T02:25:40+00:00,KuCoin,1,USDT,INSUFFICIENT_EVIDENCE,,,,,,,,,,0,truncated=1.00,,7.8,11
0x393d5a5ffe114f05a1808a27e87ef20d7ccab966,Binance,0x515b72ed8a97f42c568d6a143232775018f133c8,2021-07-11T11:00:09+00:00,Binance,1,USDT,INSUFFICIENT_EVIDENCE,,,,,,,,,,0,hub=0.78|truncated=0.22|small=0.01,,36.53,41
0x3c49cd8400ef2ff582bf75d5ca4dbcbb27d5dcef,Gate.io,0xf379a3d1ab6625eef34347d054cfaeafdf8f24a7,2026-04-06T00:44:00+00:00,Gate.io,1,,INSUFFICIENT_EVIDENCE,,,,,,,,,,0,,,3.8,6
0x3d27788cd2cbbe1e6dc435dea2f20eefe60f6d57,Binance,0xad9ffffd4573b642959d3b854027735579555cbc,2021-05-13T15:43:18+00:00,Binance,1,USDT,ATTRIBUTED,Binance,1,2,0.6375,0.9071,Binance,1,2,0.6375,1,labelled=0.91|hub=0.06|small=0.04,,32.93,22
0x3ebdb27a743aaf68407e911dc349d19f0567eece,KuCoin,0xf8ba3ec49212ca45325a2335a8ab1279770df6c0,2021-12-30T02:25:40+00:00,KuCoin,1,USDT,INSUFFICIENT_EVIDENCE,,,,,,,,,,0,truncated=1.00,,10.05,11
0x4171a9f43de71348ea143291c9d43ff277abe647,Gate.io,0xf379a3d1ab6625eef34347d054cfaeafdf8f24a7,2026-04-06T00:44:28+00:00,Gate.io,1,USDT,ATTRIBUTED,Gate.io,1,2,0.8075,0.996,Gate.io,1,2,0.8075,1,labelled=1.00|truncated=0.00,,11.47,11
0x4929b6b914416180da0857a9d8973b5eae4600a6,CoinDCX,0x660e3bd3bcda11538fa331282666f1d001b87a42,2023-03-23T14:10:29+00:00,CoinDCX,1,USDT,ATTRIBUTED,CoinDCX,1,2,0.7225,1.0,CoinDCX,1,2,0.7225,1,labelled=1.00,,8.77,10
0x4a72dd6bf31298f9a65479471eb7e32aae3051ac,Bitget,0x97b9d2102a9a65a26e1ee82d59e42d1b73b68689,2022-09-07T21:21:37+00:00,Bitget,2,USDT,INSUFFICIENT_EVIDENCE,,,,,,,,,,0,hub=0.97|truncated=0.03,,22.41,13
0x4a887894072ee50ad8b1f30ae1f32d5b29514b4b,HTX,0xefdca55e4bce6c1d535cb2d0687b5567eef2ae83,2021-04-01T08:19:42+00:00,HTX,2,USDT,INSUFFICIENT_EVIDENCE,,,,,,,,,,0,truncated=1.00|small=0.00,,6.41,11
0x4c6268c60e733e7797683253b5f3b111b5e68bb6,Binance,0x3c783c21a0383057d128bae431894a5c19f9cf06,2021-07-28T00:21:27+00:00,Binance,1,USDT,INSUFFICIENT_EVIDENCE,,,,,,,,,,0,truncated=1.00,,8.38,11
0x4cc947873cb1a4a23c97e2dc14bc2d8fc9f84016,Gate.io,0xf379a3d1ab6625eef34347d054cfaeafdf8f24a7,2026-04-06T00:44:39+00:00,Gate.io,1,,INSUFFICIENT_EVIDENCE,,,,,,,,,,0,,,2.37,6
0x4cf8800ccc0a56396f77b1e7c46160f5df0e09a5,KuCoin,0xd6216fc19db775df9774a6e33526131da7d19a2c,2021-05-31T02:38:57+00:00,KuCoin,1,USDT,INSUFFICIENT_EVIDENCE,,,,,,,,,,0,truncated=1.00,,44.49,35
0x55361d2421b9f516120cd144b14f5606a401fc80,HTX,0xefdca55e4bce6c1d535cb2d0687b5567eef2ae83,2021-04-01T10:13:31+00:00,HTX,1,USDT,INSUFFICIENT_EVIDENCE,,,,,,,,,,0,truncated=1.00,,5.42,11
0x5ec38bdc1518b45214594425f62981ae7c24a8f4,Gate.io,0xf379a3d1ab6625eef34347d054cfaeafdf8f24a7,2026-04-06T00:44:51+00:00,Gate.io,1,USDT,ATTRIBUTED,Gate.io,1,2,0.8075,1.0,Gate.io,1,2,0.8075,1,labelled=1.00,,6.61,11
0x60a370c7409859ec8c0263af1974b559168e5cbe,CoinDCX,0x660e3bd3bcda11538fa331282666f1d001b87a42,2023-03-23T08:40:26+00:00,CoinDCX,2,USDT,INSUFFICIENT_EVIDENCE,,,,,,,,,,0,hub=0.99|small=0.01,,24.19,15
0x60f214070abaa8950676f3277ff0c48a1b10d24a,Gate.io,0x1c4b70a3968436b9a0a9cf5205c787eb81bb558c,2021-05-14T06:56:14+00:00,Gate.io,2,USDT,INSUFFICIENT_EVIDENCE,,,,,,,,,,0,hub=0.71|truncated=0.22|depth_limit=0.07,,26.02,24
0x66b260b4f7d6fae52ac43458284a6d0abcfe5996,Gate.io,0x1c4b70a3968436b9a0a9cf5205c787eb81bb558c,2021-05-14T06:54:14+00:00,Gate.io,2,USDT,INSUFFICIENT_EVIDENCE,,,,,,,,,,0,hub=0.88|truncated=0.12,,14.87,16
0x67957c788c7ad32e2db02d63f133b20fc3f6dd0e,Gate.io,0xf379a3d1ab6625eef34347d054cfaeafdf8f24a7,2026-04-06T00:43:58+00:00,Gate.io,1,USDT,INSUFFICIENT_EVIDENCE,,,,,,,,,,0,truncated=1.00,,11.36,23
0x67aff121823647ea34ff36c2a45d83e2324636fa,Bitget,0x97b9d2102a9a65a26e1ee82d59e42d1b73b68689,2022-09-08T03:02:07+00:00,Bitget,1,USDT,INSUFFICIENT_EVIDENCE,,,,,,,,,,0,hub=1.00,,7.67,8
0x69f3f0efd35b5ccbddf7925bd0eb74a7f5a04ef7,Bitget,0xe7b3b0a59b026ec1fef16561daf93672a61bafec,2023-05-04T01:44:39+00:00,Bitget,1,USDT,INSUFFICIENT_EVIDENCE,,,,,,,,,,0,depth_limit=1.00,,15.94,9
0x6b9f52b51c358c46983cd8a0d66cdd674a31c789,MaskEX,0x1349907c197731c5ed98d8442309a15107cb6bad,2022-04-20T07:20:14+00:00,MaskEX,1,USDT,INSUFFICIENT_EVIDENCE,,,,,,,,,,0,hub=1.00,,7.97,9
0x72bcaca67fb835f15fcca710ebe7436c4144d465,Binance,0x1fbe2acee135d991592f167ac371f3dd893a508b,2021-12-18T22:00:57+00:00,Binance,1,USDT,ATTRIBUTED,Binance,1,2,0.6375,0.925,Binance,1,2,0.6375,1,labelled=0.93|truncated=0.07|unspent=0.00,,20.19,12
0x754d5f79330ad6ab2380859c650c1c6c3aab8865,KuCoin,0xf8ba3ec49212ca45325a2335a8ab1279770df6c0,2021-12-30T02:25:40+00:00,KuCoin,1,USDT,INSUFFICIENT_EVIDENCE,,,,,,,,,,0,truncated=1.00,,3.82,11
0x75bd89dc9d5b4e70ed7274d2d06d88969aec7b07,CoinDCX,0x660e3bd3bcda11538fa331282666f1d001b87a42,2023-03-22T17:53:01+00:00,CoinDCX,1,USDT,ATTRIBUTED,CoinDCX,1,2,0.7225,1.0,CoinDCX,1,2,0.7225,1,labelled=1.00,,6.27,10
0x761dc372773a33b2f4bb7b15d331bdd844cb1c10,KuCoin,0xf8ba3ec49212ca45325a2335a8ab1279770df6c0,2021-12-30T02:25:40+00:00,KuCoin,1,USDT,INSUFFICIENT_EVIDENCE,,,,,,,,,,0,truncated=1.00,,4.89,11
0x7ad85081fc47e90d11572868a213b967ac1a5bbf,KuCoin,0xf8ba3ec49212ca45325a2335a8ab1279770df6c0,2021-12-30T02:26:40+00:00,KuCoin,1,USDT,INSUFFICIENT_EVIDENCE,,,,,,,,,,0,truncated=1.00,,11.02,11
0x82176d4b8713adefa449bc446f3314484c0197d0,CoinDCX,0x660e3bd3bcda11538fa331282666f1d001b87a42,2023-03-23T16:06:18+00:00,CoinDCX,1,USDT,ATTRIBUTED,CoinDCX,1,2,0.7225,1.0,CoinDCX,1,2,0.7225,1,labelled=1.00,,14.28,10
0x87bafac12c08aed261e47fa80622beb66d663bfa,Binance,0xbd612a3f30dca67bf60a39fd0d35e39b7ab80774,2021-08-31T01:40:00+00:00,Binance,1,USDT,INSUFFICIENT_EVIDENCE,,,,,,,,,,0,truncated=1.00,,9.84,11
0x8840c6252e2e86e545defb6da98b2a0e26d8c1ba,Bitget,0xe4786cfe980ef5a6428a2fffafabf24f1fc79b64,2022-09-15T07:46:18+00:00,Bitget,1,USDT,INSUFFICIENT_EVIDENCE,,,,,,,,,,0,depth_limit=0.34|truncated=0.31|hub=0.25|small=0.07|returned=0.03|labelled=0.01,,127.92,94
0x89086bd84d27af8147698a9fe5bf5ac510764480,HTX,0x18709e89bd403f470088abdacebe86cc60dda12e,2022-10-12T07:37:48+00:00,HTX,1,USDT,ATTRIBUTED,HTX,1,2,0.6375,1.0,HTX,1,2,0.6375,1,labelled=1.00,,14.29,11
0x89820fd03a69129fa71dbecd7dd59b207b4e9389,Gate.io,0xf379a3d1ab6625eef34347d054cfaeafdf8f24a7,2026-04-06T00:44:38+00:00,Gate.io,1,,INSUFFICIENT_EVIDENCE,,,,,,,,,,0,,,1.17,6
0x908b892cf7a2876848ba17a663723499fadab799,HTX,0xdd3cb5c974601bc3974d908ea4a86020f9999e0c,2023-12-02T12:51:07+00:00,HTX,1,USDT,INSUFFICIENT_EVIDENCE,,,,,,,,,,0,truncated=1.00,,2.64,11
0xa27891ed41e9a99a19f204b39192434c25e7e6e2,MaskEX,0xa4e71851a8c8eaefeb20a994159f4a443e46059b,2021-10-19T13:25:10+00:00,MaskEX,1,USDT,INSUFFICIENT_EVIDENCE,,,,,,,,,,0,depth_limit=1.00,,21.02,15
0xa44574877f9fd01d8d3b36a671e99f6a22c9738e,Bitget,0x14b5f559c27bc00c39f668a88471498d68d18768,2023-03-22T08:02:12+00:00,Bitget,1,USDT,ATTRIBUTED,Bitget,1,2,0.7906,1.0,Bitget,1,2,0.7906,1,labelled=1.00,,6.14,11
0xa56546c5fd182ec26311ac9a8ca5c3c70f6edf96,MaskEX,0x8458c828d602230e92eb0aac5a6aed5580011b6a,2022-07-17T14:51:55+00:00,MaskEX,1,USDT,INSUFFICIENT_EVIDENCE,,,,,,,,,,0,depth_limit=1.00,,11.88,9
0xa7d85be1d6fe9a19c0f6d8b90403b6124741b477,KuCoin,0xf8ba3ec49212ca45325a2335a8ab1279770df6c0,2021-12-30T02:25:40+00:00,KuCoin,1,USDT,INSUFFICIENT_EVIDENCE,,,,,,,,,,0,truncated=1.00,,1.26,11
0xaf67b3bfa530b896f928c2cbb400fbe82d424a70,HTX,0xdd3cb5c974601bc3974d908ea4a86020f9999e0c,2023-12-02T12:51:19+00:00,HTX,1,USDC,INSUFFICIENT_EVIDENCE,,,,,,,,,,0,truncated=1.00,,5.63,11
0xb0169440c5e5789099fc41a9fef23e7a212c414a,KuCoin,0xf8ba3ec49212ca45325a2335a8ab1279770df6c0,2021-12-30T02:25:40+00:00,KuCoin,2,USDT,INSUFFICIENT_EVIDENCE,,,,,,,,,,0,truncated=1.00,,7.71,16
0xb20cb63d912ced32f4a571a4d6fa1c5aa1c443ea,CoinDCX,0xf379fcd9c996d85de025985ba9b1c9c96daa4a72,2022-11-10T13:23:47+00:00,CoinDCX,2,USDT,INSUFFICIENT_EVIDENCE,,,,,,,,,,0,depth_limit=1.00,,17.06,17
0xb5e8873c5cc16f2da80993a3d370f4e6840fd188,Gate.io,0x1c4b70a3968436b9a0a9cf5205c787eb81bb558c,2021-05-14T06:54:11+00:00,Gate.io,1,USDT,ATTRIBUTED,Gate.io,1,2,0.8075,1.0,Gate.io,1,2,0.8075,1,labelled=1.00,,11.44,11
0xb81a57211a2d4e8faa6f6c3a1302af82d9fedb67,CoinDCX,0xf379fcd9c996d85de025985ba9b1c9c96daa4a72,2022-11-30T12:11:04+00:00,CoinDCX,1,USDT,ATTRIBUTED,CoinDCX,1,2,0.7225,0.5209,CoinDCX,1,2,0.7225,1,labelled=0.52|depth_limit=0.48,,6.64,11
0xbe0eb53f46cd790cd13851d5eff43d12404d33e8,Binance,0xf977814e90da44bfa03b6295a0616a897441acec,2020-10-26T14:09:04+00:00,Binance,2,USDT,ATTRIBUTED,Binance,1,2,0.6375,0.9953,Binance,1,2,0.6375,1,labelled=1.00|small=0.00|returned=0.00,,36.88,35
0xbe78c0b27c7bc7c85e4dc12fa06dde633ab7d780,Gate.io,0x1c4b70a3968436b9a0a9cf5205c787eb81bb558c,2021-05-14T06:56:20+00:00,Gate.io,2,USDT,INSUFFICIENT_EVIDENCE,,,,,,,,,,0,hub=0.92|truncated=0.08,,22.29,20
0xc1c1bc36446144a29425cbdd57a930bd809afec1,KuCoin,0xf8ba3ec49212ca45325a2335a8ab1279770df6c0,2021-12-30T02:26:10+00:00,KuCoin,1,USDT,INSUFFICIENT_EVIDENCE,,,,,,,,,,0,truncated=1.00,,14.42,11
0xc473b1407d4fde4331f002e2cafc30d364c9254b,MaskEX,0x84457412efe8b3a05583cb496e1d2c03e6f36155,2022-05-19T06:22:28+00:00,MaskEX,1,USDT,INSUFFICIENT_EVIDENCE,,,,,,,,,,0,depth_limit=1.00,,4.7,10
0xc94ba6660451fd62b824690236036bd589f1bd68,MaskEX,0x2161217d22fac0188775432f8ba32f1d4272dd19,2022-08-31T11:16:56+00:00,MaskEX,1,USDT,INSUFFICIENT_EVIDENCE,,,,,,,,,,0,hub=1.00,,6.39,9
0xcd9782e1698ee5a411cd911708a3ca182212cbb4,MaskEX,0xd666ad8d95903bce9b4dcd2cacde5145e36405c2,2022-08-25T16:08:04+00:00,MaskEX,1,USDT,INSUFFICIENT_EVIDENCE,,,,,,,,,,0,hub=1.00,,15.13,11
0xd1a9d11f8921d63413ec8bc169a430353e4b93bf,HTX,0xefdca55e4bce6c1d535cb2d0687b5567eef2ae83,2021-04-01T10:26:43+00:00,HTX,1,USDT,INSUFFICIENT_EVIDENCE,,,,,,,,,,0,truncated=1.00,,8.04,11
0xd202dd30921a95eef92d83b265af691b74a2b946,HTX,0xefdca55e4bce6c1d535cb2d0687b5567eef2ae83,2021-03-31T02:07:44+00:00,HTX,2,USDT,INSUFFICIENT_EVIDENCE,,,,,,,,,,0,truncated=0.95|returned=0.05,,18.63,16
0xd43dec662060a0a089d7fe3f476746676284fa0c,CoinDCX,0xf379fcd9c996d85de025985ba9b1c9c96daa4a72,2022-10-27T10:24:41+00:00,CoinDCX,1,USDT,INSUFFICIENT_EVIDENCE,,,,,,,,,,0,hub=0.53|depth_limit=0.44|small=0.03|returned=0.00,,34.16,27
0xda4e80ddf847bba60f9fe82a08cd0a0c1b98d5a4,CoinDCX,0x660e3bd3bcda11538fa331282666f1d001b87a42,2023-03-23T09:42:42+00:00,CoinDCX,1,USDT,ATTRIBUTED,CoinDCX,1,2,0.7225,1.0,CoinDCX,1,2,0.7225,1,labelled=1.00,,8.87,10
0xe0747eac52cad112ff276a265e2086b2f24b299e,Gate.io,0x1c4b70a3968436b9a0a9cf5205c787eb81bb558c,2021-05-14T06:55:35+00:00,Gate.io,1,USDT,ATTRIBUTED,Gate.io,1,2,0.8075,1.0,Gate.io,1,2,0.8075,1,labelled=1.00,,11.23,11
0xe15dff9d94a596f320869ce056129d849c245794,MaskEX,0xc6acb77befebff0359cc581973859eee8cbaeda1,2022-08-25T16:07:52+00:00,MaskEX,1,USDT,INSUFFICIENT_EVIDENCE,,,,,,,,,,0,hub=1.00,,12.36,9
0xe21c541d55f1cfa9f2ef6189666493ee5420842d,Binance,0x73f5ebe90f27b46ea12e5795d16c4b408b19cc6f,2021-11-14T20:37:42+00:00,Binance,1,USDT,INSUFFICIENT_EVIDENCE,,,,,,,,,,0,hub=0.86|truncated=0.13|labelled=0.01|small=0.00,,63.41,67
0xe5c736e0578acc301389c165869c2e4f8613579b,MaskEX,0x3dd878a95dcaef2800cd57bb065b5e8f2f438131,2022-03-14T04:26:17+00:00,MaskEX,1,USDT,INSUFFICIENT_EVIDENCE,,,,,,,,,,0,hub=1.00,,9.48,11
0xea238bcc8f270d8afd9f78c90a2a2c591c0a412c,Binance,0xdccf3b77da55107280bd850ea519df3705d1a75a,2021-07-05T19:18:20+00:00,Binance,1,USDT,ATTRIBUTED,Binance,1,2,0.6375,0.3437,Binance,1,2,0.6375,2,labelled=0.39|hub=0.22|unspent=0.22|depth_limit=0.10|truncated=0.07,,111.24,96
0xea9d49bf61308f7d1a1a2cd5518d36d55e68d340,KuCoin,0xf8ba3ec49212ca45325a2335a8ab1279770df6c0,2021-12-30T02:25:10+00:00,KuCoin,1,USDT,INSUFFICIENT_EVIDENCE,,,,,,,,,,0,truncated=1.00,,1.49,11
0xed9d4ab5062f76c5c3f3dd7ad4246268cc6a1b96,CoinDCX,0x660e3bd3bcda11538fa331282666f1d001b87a42,2023-03-22T08:59:38+00:00,CoinDCX,1,USDT,ATTRIBUTED,CoinDCX,1,2,0.7225,1.0,CoinDCX,1,2,0.7225,1,labelled=1.00,,7.84,10
0xedca4b8cd5f752fbd464fb3b531070e8f107052c,MaskEX,0xd7aed730a7c4cf8dfe313b16712af3406f6dca5b,2022-03-21T14:14:17+00:00,MaskEX,1,USDT,INSUFFICIENT_EVIDENCE,,,,,,,,,,0,hub=1.00,,12.75,10
0xf06b404e9c8ab8ae3e660e2e0af8c053363538b5,Binance,0x631fc1ea2270e98fbd9d92658ece0f5a269aa161,2020-09-10T05:00:07+00:00,Binance,1,USDT,INSUFFICIENT_EVIDENCE,,,,,,,,,,0,hub=1.00,,23.79,34
0xf4beab5aaccb96385bb39376154cd640c701c5a2,HTX,0xdd3cb5c974601bc3974d908ea4a86020f9999e0c,2023-12-02T12:51:07+00:00,HTX,1,USDT,INSUFFICIENT_EVIDENCE,,,,,,,,,,0,truncated=1.00,,4.9,11
0xfc0fe92b30f59b9704d61e296df086b2042941cb,Bitget,0x0639556f03714a74a5feeaf5736a4a64ff70d206,2021-05-03T07:51:42+00:00,Bitget,1,USDT,INSUFFICIENT_EVIDENCE,,,,,,,,,,0,hub=1.00,,5.24,8
0xfccdf8a4ff86be0831aa53be52eafe83be172525,Binance,0x17b692ae403a8ff3a3b2ed7676cf194310dde9af,2021-05-11T15:29:46+00:00,Binance,1,USDT,ATTRIBUTED,Binance,1,2,0.6375,0.3745,Binance,1,2,0.6375,1,hub=0.58|labelled=0.37|small=0.02|depth_limit=0.02,,77.36,64
0xfd19bde0703c2f64cf619718140c1962e77e5029,Binance,0x29bdfbf7d27462a2d115748ace2bd71a2646946c,2022-01-15T03:04:01+00:00,Binance,1,USDT,INSUFFICIENT_EVIDENCE,,,,,,,,,,0,truncated=1.00,,6.71,11
0xfdb96ccb4e417e5d2338148f500898b0fc3597db,CoinDCX,0xf379fcd9c996d85de025985ba9b1c9c96daa4a72,2022-11-13T23:03:28+00:00,CoinDCX,1,USDT,ATTRIBUTED,CoinDCX,1,2,0.6869,0.2377,CoinDCX,1,2,0.6869,1,hub=0.41|depth_limit=0.34|labelled=0.24|small=0.01|unspent=0.00,,34.4,29
