address,chain,entity,category,kind,status,rule,confidence,evidence,conflict,sweep_target,target_tier,asset,share,received,forwarded,n_deposits,n_senders,n_sweeps,median_delay_s,gas_verdict,gas_payer,gas_payer_entity,gas_kinds,n_paid,first_sweep_tx,last_sweep_time,complete
TAcM2MqehHsXoekpwDUtcFayJB1z36LB1t,tron,CoinDCX,exchange,deposit,derived,sweep+gas,0.8075,"Sweep rule: forwarded 100% of the 28.85 USDT it received from 1 sender to CoinDCX wallet TU7BbA…vZbsFs (curated list) in 2 sweeps, typically 28 seconds after arrival. Gas rule: TFLxNH…aEznGd, labelled CoinDCX, sent the fee money for 2 of 2 sweeps. Both rules agree. Rule confidence 0.81, not calibrated.",,TU7BbAsb8t371eMijQeiGXsiLvY1vZbsFs,curated,USDT,1.0,28.850000,28.850000,2,1,2,28.5,confirmed,TFLxNHunhEizmeEdiMyA3r2XGLSKaEznGd,CoinDCX,native,2,baefaa05ed0562e6c27023cf8228389baeee7b6abe183c0c713ccdc28aa7fc76,2026-09-07T07:11:06Z,True
TBQLZdFjp5onUXToKKJKC9yjv6h2eDAVSX,tron,CoinDCX,exchange,deposit,derived,sweep+gas,0.8075,"Sweep rule: forwarded 100% of the 22.13 USDT it received from 1 sender to CoinDCX wallet TU7BbA…vZbsFs (curated list) in 2 sweeps, typically 37 seconds after arrival. Gas rule: TFLxNH…aEznGd, labelled CoinDCX, sent the fee money for 1 of 2 sweeps. Both rules agree. Rule confidence 0.81, not calibrated.",,TU7BbAsb8t371eMijQeiGXsiLvY1vZbsFs,curated,USDT,1.0,22.130000,22.130000,2,1,2,37.5,confirmed,TFLxNHunhEizmeEdiMyA3r2XGLSKaEznGd,CoinDCX,native,1,7ba9d020c5b37d214440a36cde8c50f8f6eb9b80914ec9f8b9f3d5b25b023a05,2026-08-25T19:20:03Z,True
TCFf7P3YJ9b9E1Jy6S3gQckxt2i1pzJMii,tron,CoinDCX,exchange,deposit,derived,sweep+gas,0.8075,"Sweep rule: forwarded 100% of the 36 USDT it received from 1 sender to CoinDCX wallet TU7BbA…vZbsFs (curated list) in 2 sweeps, typically 33 seconds after arrival. Gas rule: TFLxNH…aEznGd, labelled CoinDCX, sent the fee money for 2 of 2 sweeps. Both rules agree. Rule confidence 0.81, not calibrated.",,TU7BbAsb8t371eMijQeiGXsiLvY1vZbsFs,curated,USDT,1.0,36.000000,36.000000,2,1,2,33.0,confirmed,TFLxNHunhEizmeEdiMyA3r2XGLSKaEznGd,CoinDCX,native,2,c9166395f7d369989db5e6363aa46550c616b31d74667a782215b20149c6c6a3,2026-09-29T08:20:06Z,True
TD6LbjASWQDT2YGTPMy1EiXrfe3HyngiQD,tron,CoinDCX,exchange,deposit,derived,sweep+gas,0.8075,"Sweep rule: forwarded 100% of the 81.08 USDT it received from 2 senders to CoinDCX wallet TU7BbA…vZbsFs (curated list) in 3 sweeps, typically 27 seconds after arrival. Gas rule: TFLxNH…aEznGd, labelled CoinDCX, sent the fee money for 1 of 3 sweeps. Both rules agree. Rule confidence 0.81, not calibrated.",,TU7BbAsb8t371eMijQeiGXsiLvY1vZbsFs,curated,USDT,1.0,81.080000,81.080000,3,2,3,27.0,confirmed,TFLxNHunhEizmeEdiMyA3r2XGLSKaEznGd,CoinDCX,native,1,3700525704ff847e8a913b4f938848b8638c6a740d266e6fafce995f4df408f9,2026-09-29T20:32:33Z,True
TDF8ycRJJ5TBWgb7gT1XhBdpySGRDAzwdS,tron,CoinDCX,exchange,deposit,derived,sweep+gas,0.8075,"Sweep rule: forwarded 100% of the 16.91 USDT it received from 1 sender to CoinDCX wallet TU7BbA…vZbsFs (curated list) in 1 sweep, typically 27 seconds after arrival. Gas rule: TFLxNH…aEznGd, labelled CoinDCX, sent the fee money for 1 of 1 sweep. Both rules agree. Rule confidence 0.81, not calibrated.",,TU7BbAsb8t371eMijQeiGXsiLvY1vZbsFs,curated,USDT,1.0,16.910000,16.910000,1,1,1,27.0,confirmed,TFLxNHunhEizmeEdiMyA3r2XGLSKaEznGd,CoinDCX,native,1,9cf11bc35e02fc36df23708e53f65297e584a3e65d06368ac1a0975a652c1df5,2026-08-12T12:35:36Z,True
TDQ961qWXVHy1RCLM1TEhDjPyTNevhxnDL,tron,CoinDCX,exchange,deposit,derived,sweep+gas,0.8075,"Sweep rule: forwarded 100% of the 11,477.57 USDT it received from 1 sender to CoinDCX wallet TU7BbA…vZbsFs (curated list) in 2 sweeps, typically 40 seconds after arrival. Gas rule: TFLxNH…aEznGd, labelled CoinDCX, sent the fee money for 1 of 2 sweeps. Both rules agree. Rule confidence 0.81, not calibrated.",,TU7BbAsb8t371eMijQeiGXsiLvY1vZbsFs,curated,USDT,1.0,11477.570607,11477.570607,2,1,2,40.5,confirmed,TFLxNHunhEizmeEdiMyA3r2XGLSKaEznGd,CoinDCX,native,1,c1c952cf0a1f6edd71be4d9028149fa26922e903597047050ccb1c4967ce7feb,2026-09-30T18:53:33Z,True
TF43ABEimd7xL9EWpRziuypreN2f8MaW7k,tron,CoinDCX,exchange,deposit,derived,sweep+gas,0.8075,"Sweep rule: forwarded 100% of the 182.92 USDT it received from 3 senders to CoinDCX wallet TU7BbA…vZbsFs (curated list) in 3 sweeps, typically 27 seconds after arrival. Gas rule: TFLxNH…aEznGd, labelled CoinDCX, sent the fee money for 2 of 3 sweeps. Both rules agree. Rule confidence 0.81, not calibrated.",,TU7BbAsb8t371eMijQeiGXsiLvY1vZbsFs,curated,USDT,1.0,182.920000,182.920000,3,3,3,27.0,confirmed,TFLxNHunhEizmeEdiMyA3r2XGLSKaEznGd,CoinDCX,native,2,eea4a98b97c791a9bce519023dae237371c288c4b63e5963b3f00aeb50abce16,2026-09-18T16:47:06Z,True
TF5v6N8VWyexfvxCJPt27j8sbA72v8VvCX,tron,CoinDCX,exchange,deposit,derived,sweep+gas,0.8075,"Sweep rule: forwarded 100% of the 2,094.70 USDT it received from 1 sender to CoinDCX wallet TU7BbA…vZbsFs (curated list) in 2 sweeps, typically 33 seconds after arrival. Gas rule: TFLxNH…aEznGd, labelled CoinDCX, sent the fee money for 1 of 2 sweeps. Both rules agree. Rule confidence 0.81, not calibrated.",,TU7BbAsb8t371eMijQeiGXsiLvY1vZbsFs,curated,USDT,1.0,2094.700000,2094.700000,2,1,2,33.0,confirmed,TFLxNHunhEizmeEdiMyA3r2XGLSKaEznGd,CoinDCX,native,1,48e4ffa044b199fd0f4696a9b66166d60ed8b593d7b9d1a53f7b2c53238d7598,2026-09-14T03:50:33Z,True
TF9MqTjQ4k8qKC6XvAVc3NZBxL4FKetJfq,tron,CoinDCX,exchange,deposit,derived,sweep+gas,0.8075,"Sweep rule: forwarded 100% of the 83.48 USDT it received from 5 senders to CoinDCX wallet TU7BbA…vZbsFs (curated list) in 6 sweeps, typically 28 seconds after arrival. Gas rule: TFLxNH…aEznGd, labelled CoinDCX, sent the fee money for 3 of 6 sweeps. Both rules agree. Rule confidence 0.81, not calibrated.",,TU7BbAsb8t371eMijQeiGXsiLvY1vZbsFs,curated,USDT,1.0,83.480000,83.480000,6,5,6,28.5,confirmed,TFLxNHunhEizmeEdiMyA3r2XGLSKaEznGd,CoinDCX,native,3,25f9baf50d0f53ea9045427eb4969204c3ba8ea82d11952956cd349ede49fb34,2026-09-20T05:04:03Z,True
TFvD1D2JnHMFB8TTuM9CC2TFqbEhs9LSBQ,tron,CoinDCX,exchange,deposit,derived,sweep+gas,0.8075,"Sweep rule: forwarded 100% of the 293.89 USDT it received from 4 senders to CoinDCX wallet TU7BbA…vZbsFs (curated list) in 4 sweeps, typically 45 seconds after arrival. Gas rule: TFLxNH…aEznGd, labelled CoinDCX, sent the fee money for 2 of 4 sweeps. Both rules agree. Rule confidence 0.81, not calibrated.",,TU7BbAsb8t371eMijQeiGXsiLvY1vZbsFs,curated,USDT,1.0,293.890000,293.890000,4,4,4,45.0,confirmed,TFLxNHunhEizmeEdiMyA3r2XGLSKaEznGd,CoinDCX,native,2,14cf1914018b6610abb5a76299c007f2f903d72203c5aa055147286e7cfb19e2,2026-09-22T12:13:03Z,True
TGG8Hb8vg4Ft4DdUS3HRS5dX9vBH27BAv1,tron,CoinDCX,exchange,deposit,derived,sweep+gas,0.8075,"Sweep rule: forwarded 100% of the 16.10 USDT it received from 1 sender to CoinDCX wallet TU7BbA…vZbsFs (curated list) in 1 sweep, typically 36 seconds after arrival. Gas rule: TFLxNH…aEznGd, labelled CoinDCX, sent the fee money for 1 of 1 sweep. Both rules agree. Rule confidence 0.81, not calibrated.",,TU7BbAsb8t371eMijQeiGXsiLvY1vZbsFs,curated,USDT,1.0,16.100000,16.100000,1,1,1,36.0,confirmed,TFLxNHunhEizmeEdiMyA3r2XGLSKaEznGd,CoinDCX,native,1,2320bd287796a637fdd42603bb578932fe132401170b1e7964e6c7929b30354d,2026-08-10T05:45:06Z,True
THAftLa5E6utiD1mNYf5RsGCT7NUi3kGD5,tron,CoinDCX,exchange,deposit,derived,sweep+gas,0.8075,"Sweep rule: forwarded 100% of the 59.22 USDT it received from 1 sender to CoinDCX wallet TU7BbA…vZbsFs (curated list) in 5 sweeps, typically 18 seconds after arrival. Gas rule: TFLxNH…aEznGd, labelled CoinDCX, sent the fee money for 3 of 5 sweeps. Both rules agree. Rule confidence 0.81, not calibrated.",,TU7BbAsb8t371eMijQeiGXsiLvY1vZbsFs,curated,USDT,1.0,59.220000,59.220000,5,1,5,18.0,confirmed,TFLxNHunhEizmeEdiMyA3r2XGLSKaEznGd,CoinDCX,native,3,21a711ab4bd972c6773ada4076e7d51b21a84c6990c26d0b2ca7f11e3c57e269,2026-09-26T22:41:33Z,True
THKcEAXkNMLNDLjaeC9MDqxWw9jHSs9zyt,tron,CoinDCX,exchange,deposit,derived,sweep+gas,0.8075,"Sweep rule: forwarded 100% of the 37.06 USDT it received from 1 sender to CoinDCX wallet TU7BbA…vZbsFs (curated list) in 1 sweep, typically 27 seconds after arrival. Gas rule: TFLxNH…aEznGd, labelled CoinDCX, sent the fee money for 1 of 1 sweep. Both rules agree. Rule confidence 0.81, not calibrated.",,TU7BbAsb8t371eMijQeiGXsiLvY1vZbsFs,curated,USDT,1.0,37.060000,37.060000,1,1,1,27.0,confirmed,TFLxNHunhEizmeEdiMyA3r2XGLSKaEznGd,CoinDCX,native,1,7adcdd93ea38b9c07f441d841a42bbfccfb65f6c912fa495edd53e1be99d046b,2026-09-17T21:46:03Z,True
THWFx3J7dt3btjRcAoDM6keQT6tSaPkuF5,tron,CoinDCX,exchange,deposit,derived,sweep+gas,0.8075,"Sweep rule: forwarded 100% of the 45.88 USDT it received from 1 sender to CoinDCX wallet TU7BbA…vZbsFs (curated list) in 4 sweeps, typically 33 seconds after arrival. Gas rule: TFLxNH…aEznGd, labelled CoinDCX, sent the fee money for 2 of 4 sweeps. Both rules agree. Rule confidence 0.81, not calibrated.",,TU7BbAsb8t371eMijQeiGXsiLvY1vZbsFs,curated,USDT,1.0,45.880000,45.880000,4,1,4,33.0,confirmed,TFLxNHunhEizmeEdiMyA3r2XGLSKaEznGd,CoinDCX,native,2,dd93884b3622c57059bc40dde2ad954b0a82c48dde3f134d3482f882fec6c6fe,2026-09-16T06:46:06Z,True
TKJWhiWJhPrcGitnHEgsZ8pQPTiqkqvsyF,tron,CoinDCX,exchange,deposit,derived,sweep+gas,0.8075,"Sweep rule: forwarded 100% of the 128.99 USDT it received from 1 sender to CoinDCX wallet TU7BbA…vZbsFs (curated list) in 3 sweeps, typically 30 seconds after arrival. Gas rule: TFLxNH…aEznGd, labelled CoinDCX, sent the fee money for 2 of 3 sweeps. Both rules agree. Rule confidence 0.81, not calibrated.",,TU7BbAsb8t371eMijQeiGXsiLvY1vZbsFs,curated,USDT,1.0,128.990000,128.990000,3,1,3,30.0,confirmed,TFLxNHunhEizmeEdiMyA3r2XGLSKaEznGd,CoinDCX,native,2,45c4a30ce5e1c9a30abaf30bb69d5bd45ca5e8573ab451b91281965809b717da,2026-09-19T10:38:06Z,True
TKwP5upFZ2jNRBNvjrtXHrU65NdJdYV46D,tron,CoinDCX,exchange,deposit,derived,sweep+gas,0.8075,"Sweep rule: forwarded 100% of the 1,300.50 USDT it received from 2 senders to CoinDCX wallet TU7BbA…vZbsFs (curated list) in 2 sweeps, typically 36 seconds after arrival. Gas rule: TFLxNH…aEznGd, labelled CoinDCX, sent the fee money for 1 of 2 sweeps. Both rules agree. Rule confidence 0.81, not calibrated.",,TU7BbAsb8t371eMijQeiGXsiLvY1vZbsFs,curated,USDT,1.0,1300.500000,1300.500000,2,2,2,36.0,confirmed,TFLxNHunhEizmeEdiMyA3r2XGLSKaEznGd,CoinDCX,native,1,fb5ee3732d6b7a382145b87cb0109bc94e1db5d561bac3335f93a6161492f15c,2026-09-02T23:52:03Z,True
TLUQsVHsmUrcWEy3tGrpEdh2ue8z2NHPYk,tron,CoinDCX,exchange,deposit,derived,sweep+gas,0.8075,"Sweep rule: forwarded 100% of the 2,218.43 USDT it received from 2 senders to CoinDCX wallet TU7BbA…vZbsFs (curated list) in 6 sweeps, typically 34 seconds after arrival. Gas rule: TFLxNH…aEznGd, labelled CoinDCX, sent the fee money for 4 of 6 sweeps. Both rules agree. Rule confidence 0.81, not calibrated.",,TU7BbAsb8t371eMijQeiGXsiLvY1vZbsFs,curated,USDT,1.0,2218.430000,2218.430000,6,2,6,34.5,confirmed,TFLxNHunhEizmeEdiMyA3r2XGLSKaEznGd,CoinDCX,native,4,0107c82e260e705f994569e0ab3152d5ebdd0908e8b064da7d6394abeab84c29,2026-09-15T10:04:06Z,True
TMRgWCMJ5CL82GypJMDrGemUs5r1zh51k1,tron,CoinDCX,exchange,deposit,derived,sweep+gas,0.8075,"Sweep rule: forwarded 100% of the 43.43 USDT it received from 1 sender to CoinDCX wallet TU7BbA…vZbsFs (curated list) in 4 sweeps, typically 30 seconds after arrival. Gas rule: TFLxNH…aEznGd, labelled CoinDCX, sent the fee money for 2 of 4 sweeps. Both rules agree. Rule confidence 0.81, not calibrated.",,TU7BbAsb8t371eMijQeiGXsiLvY1vZbsFs,curated,USDT,1.0,43.430000,43.430000,4,1,4,30.0,confirmed,TFLxNHunhEizmeEdiMyA3r2XGLSKaEznGd,CoinDCX,native,2,f3885d6e0a9040f8c2405dc910dc71de6afef3e305be8ff0aba15c8197d2e056,2026-09-26T04:06:36Z,True
TR6niWFvB7MVQmXGf2nhnqGPs7pmHqVXb9,tron,CoinDCX,exchange,deposit,derived,sweep+gas,0.8075,"Sweep rule: forwarded 100% of the 44.25 USDT it received from 1 sender to CoinDCX wallet TU7BbA…vZbsFs (curated list) in 1 sweep, typically 39 seconds after arrival. Gas rule: TFLxNH…aEznGd, labelled CoinDCX, sent the fee money for 1 of 1 sweep. Both rules agree. Rule confidence 0.81, not calibrated.",,TU7BbAsb8t371eMijQeiGXsiLvY1vZbsFs,curated,USDT,1.0,44.250000,44.250000,1,1,1,39.0,confirmed,TFLxNHunhEizmeEdiMyA3r2XGLSKaEznGd,CoinDCX,native,1,2639422611167c1ff3102d4625c2bcf6b2c95b24ff308e08459c0486dad410ba,2026-09-20T05:53:36Z,True
TRfyLvbJfFgf6oEd7PY2w9wkXh2rUKdG4K,tron,CoinDCX,exchange,deposit,derived,sweep+gas,0.8075,"Sweep rule: forwarded 100% of the 474.44 USDT it received from 1 sender to CoinDCX wallet TU7BbA…vZbsFs (curated list) in 3 sweeps, typically 36 seconds after arrival. Gas rule: TFLxNH…aEznGd, labelled CoinDCX, sent the fee money for 1 of 3 sweeps. Both rules agree. Rule confidence 0.81, not calibrated.",,TU7BbAsb8t371eMijQeiGXsiLvY1vZbsFs,curated,USDT,1.0,474.440000,474.440000,3,1,3,36.0,confirmed,TFLxNHunhEizmeEdiMyA3r2XGLSKaEznGd,CoinDCX,native,1,d64aec44ed5b5e469d204dbbfc0eb57a49135788553e6a10c4de3631b28a8393,2026-09-26T23:47:03Z,True
TRxYLb1oT2dfrFnLtfXm3QnsdKUr69rbDX,tron,CoinDCX,exchange,deposit,derived,sweep+gas,0.8075,"Sweep rule: forwarded 100% of the 298.69 USDT it received from 1 sender to CoinDCX wallet TU7BbA…vZbsFs (curated list) in 1 sweep, typically 45 seconds after arrival. Gas rule: TFLxNH…aEznGd, labelled CoinDCX, sent the fee money for 1 of 1 sweep. Both rules agree. Rule confidence 0.81, not calibrated.",,TU7BbAsb8t371eMijQeiGXsiLvY1vZbsFs,curated,USDT,1.0,298.692098,298.692098,1,1,1,45.0,confirmed,TFLxNHunhEizmeEdiMyA3r2XGLSKaEznGd,CoinDCX,native,1,6da0326c0e543cf0ba81e2b62a295c6a9915ad74ae9d0c8ffdbb451ab0802cc8,2026-08-28T09:12:06Z,True
TV9EZxctWaADcQJJ3g9VReZ1dby8WgBDeC,tron,CoinDCX,exchange,deposit,derived,sweep+gas,0.8075,"Sweep rule: forwarded 100% of the 47.21 USDT it received from 1 sender to CoinDCX wallet TU7BbA…vZbsFs (curated list) in 2 sweeps, typically 24 seconds after arrival. Gas rule: TFLxNH…aEznGd, labelled CoinDCX, sent the fee money for 1 of 2 sweeps. Both rules agree. Rule confidence 0.81, not calibrated.",,TU7BbAsb8t371eMijQeiGXsiLvY1vZbsFs,curated,USDT,1.0,47.210000,47.210000,2,1,2,24.0,confirmed,TFLxNHunhEizmeEdiMyA3r2XGLSKaEznGd,CoinDCX,native,1,477c791e1875cc39ad7661888d4ccba4889e853d58ba2d6955a9e651a22d11c3,2026-10-01T03:25:06Z,True
TVFMX9VWeXg1RstQhesS9Hkxmd4c9FFdvh,tron,CoinDCX,exchange,deposit,derived,sweep+gas,0.8075,"Sweep rule: forwarded 100% of the 41.42 USDT it received from 1 sender to CoinDCX wallet TU7BbA…vZbsFs (curated list) in 2 sweeps, typically 45 seconds after arrival. Gas rule: TFLxNH…aEznGd, labelled CoinDCX, sent the fee money for 2 of 2 sweeps. Both rules agree. Rule confidence 0.81, not calibrated.",,TU7BbAsb8t371eMijQeiGXsiLvY1vZbsFs,curated,USDT,1.0,41.420000,41.420000,2,1,2,45.0,confirmed,TFLxNHunhEizmeEdiMyA3r2XGLSKaEznGd,CoinDCX,native,2,fb0b4c3fd2af2039e52fd9c2be2e0035fc3c9d0c61d98e98f1dc5ecef8764274,2026-09-27T08:07:36Z,True
TVGt64pyD6RSuWkC5YgYTaPJ83STmq9zwE,tron,CoinDCX,exchange,deposit,derived,sweep+gas,0.8075,"Sweep rule: forwarded 100% of the 17.75 USDT it received from 1 sender to CoinDCX wallet TU7BbA…vZbsFs (curated list) in 2 sweeps, typically 28 seconds after arrival. Gas rule: TFLxNH…aEznGd, labelled CoinDCX, sent the fee money for 1 of 2 sweeps. Both rules agree. Rule confidence 0.81, not calibrated.",,TU7BbAsb8t371eMijQeiGXsiLvY1vZbsFs,curated,USDT,1.0,17.750000,17.750000,2,1,2,28.5,confirmed,TFLxNHunhEizmeEdiMyA3r2XGLSKaEznGd,CoinDCX,native,1,4351cf5a318d1b9a1e6897cfd617e9e4960cd1e2b36cad0a987388b6413f98ac,2026-08-27T07:00:36Z,True
TW1tYTAcAkK9F8vFeo9mBAfbnM116CzK5t,tron,CoinDCX,exchange,deposit,derived,sweep+gas,0.8075,"Sweep rule: forwarded 100% of the 15.45 USDT it received from 1 sender to CoinDCX wallet TU7BbA…vZbsFs (curated list) in 1 sweep, typically 30 seconds after arrival. Gas rule: TFLxNH…aEznGd, labelled CoinDCX, sent the fee money for 1 of 1 sweep. Both rules agree. Rule confidence 0.81, not calibrated.",,TU7BbAsb8t371eMijQeiGXsiLvY1vZbsFs,curated,USDT,1.0,15.450000,15.450000,1,1,1,30.0,confirmed,TFLxNHunhEizmeEdiMyA3r2XGLSKaEznGd,CoinDCX,native,1,9fa3f3ced1ff38e36aff5e5f8eec43c0205eff6a8cbe735d26a8a2723a70ee15,2026-08-09T07:16:33Z,True
TW1va5WX2Dz4Q3yAAtxAw5pmVdfLPUYYsv,tron,CoinDCX,exchange,deposit,derived,sweep+gas,0.8075,"Sweep rule: forwarded 100% of the 116.51 USDT it received from 4 senders to CoinDCX wallet TU7BbA…vZbsFs (curated list) in 6 sweeps, typically 34 seconds after arrival. Gas rule: TFLxNH…aEznGd, labelled CoinDCX, sent the fee money for 3 of 6 sweeps. Both rules agree. Rule confidence 0.81, not calibrated.",,TU7BbAsb8t371eMijQeiGXsiLvY1vZbsFs,curated,USDT,1.0,116.510000,116.510000,6,4,6,34.5,confirmed,TFLxNHunhEizmeEdiMyA3r2XGLSKaEznGd,CoinDCX,native,3,e82d50b5c7096fe8192018f174e8c7decf8e99af9b82334366b98e3fa2e52bcc,2026-09-29T03:16:06Z,True
TWYRRGUq3mwqYbjChnqLT9wMnKAmDd3AZd,tron,CoinDCX,exchange,deposit,derived,sweep+gas,0.8075,"Sweep rule: forwarded 100% of the 601.79 USDT it received from 1 sender to CoinDCX wallet TU7BbA…vZbsFs (curated list) in 2 sweeps, typically 30 seconds after arrival. Gas rule: TFLxNH…aEznGd, labelled CoinDCX, sent the fee money for 2 of 2 sweeps. Both rules agree. Rule confidence 0.81, not calibrated.",,TU7BbAsb8t371eMijQeiGXsiLvY1vZbsFs,curated,USDT,1.0,601.790000,601.790000,2,1,2,30.0,confirmed,TFLxNHunhEizmeEdiMyA3r2XGLSKaEznGd,CoinDCX,native,2,313d66102e1008c39ef519e40755c86bffdb0588dd9377561c7e653efc887558,2026-09-15T10:21:36Z,True
TX2M73FaTQ87SZ1mCgeyz5TPZTYpgPaduJ,tron,CoinDCX,exchange,deposit,derived,sweep+gas,0.8075,"Sweep rule: forwarded 100% of the 1,370.81 USDT it received from 1 sender to CoinDCX wallet TU7BbA…vZbsFs (curated list) in 1 sweep, typically 24 seconds after arrival. Gas rule: TFLxNH…aEznGd, labelled CoinDCX, sent the fee money for 1 of 1 sweep. Both rules agree. Rule confidence 0.81, not calibrated.",,TU7BbAsb8t371eMijQeiGXsiLvY1vZbsFs,curated,USDT,1.0,1370.810000,1370.810000,1,1,1,24.0,confirmed,TFLxNHunhEizmeEdiMyA3r2XGLSKaEznGd,CoinDCX,native,1,e1ad2e13a7618385685cd1a12248eddebed7e1624c2f32ba675fddefa03cbbdb,2026-09-01T10:01:36Z,True
TXJJ7ddoYJrFepVZJfPEbgXFqVAobqJL5K,tron,CoinDCX,exchange,deposit,derived,sweep+gas,0.8075,"Sweep rule: forwarded 100% of the 9.46 USDT it received from 1 sender to CoinDCX wallet TU7BbA…vZbsFs (curated list) in 1 sweep, typically 36 seconds after arrival. Gas rule: TFLxNH…aEznGd, labelled CoinDCX, sent the fee money for 1 of 1 sweep. Both rules agree. Rule confidence 0.81, not calibrated.",,TU7BbAsb8t371eMijQeiGXsiLvY1vZbsFs,curated,USDT,1.0,9.460000,9.460000,1,1,1,36.0,confirmed,TFLxNHunhEizmeEdiMyA3r2XGLSKaEznGd,CoinDCX,native,1,6a670a2b7fad243e6d706fe3a88a3e2acd54b405f9bf36046cd1a208aae1d9a0,2026-08-15T03:24:03Z,True
TXwUvAYMW8LMb7jhSc7uqgGgZsAv8jE7FF,tron,CoinDCX,exchange,deposit,derived,sweep+gas,0.8075,"Sweep rule: forwarded 100% of the 199.36 USDT it received from 1 sender to CoinDCX wallet TU7BbA…vZbsFs (curated list) in 5 sweeps, typically 39 seconds after arrival. Gas rule: TFLxNH…aEznGd, labelled CoinDCX, sent the fee money for 2 of 5 sweeps. Both rules agree. Rule confidence 0.81, not calibrated.",,TU7BbAsb8t371eMijQeiGXsiLvY1vZbsFs,curated,USDT,1.0,199.360000,199.360000,5,1,5,39.0,confirmed,TFLxNHunhEizmeEdiMyA3r2XGLSKaEznGd,CoinDCX,native,2,872943595852814e9cbcbcd95efea0e94cfd22a8123cdb1784e0afce46b2bd73,2026-09-30T13:38:06Z,True
TYuAF4dTC1Zd5HNfg2wAaWKgxFRha5gJ6c,tron,CoinDCX,exchange,deposit,derived,sweep+gas,0.8075,"Sweep rule: forwarded 100% of the 408.56 USDT it received from 2 senders to CoinDCX wallet TU7BbA…vZbsFs (curated list) in 3 sweeps, typically 33 seconds after arrival. Gas rule: TFLxNH…aEznGd, labelled CoinDCX, sent the fee money for 1 of 3 sweeps. Both rules agree. Rule confidence 0.81, not calibrated.",,TU7BbAsb8t371eMijQeiGXsiLvY1vZbsFs,curated,USDT,1.0,408.560000,408.560000,3,2,3,33.0,confirmed,TFLxNHunhEizmeEdiMyA3r2XGLSKaEznGd,CoinDCX,native,1,c6fa6d13bcd03ab19f57071d85c3162977c945f85a02948f457110f7a067f5fd,2026-09-15T12:26:03Z,True
